Show,Name,Season,Season-Week,Occupation,Age,Height,Winner,Elimination Week,Elimination Type,First Impression Rose,Date Size,Rose Type Received,,,
Bachelorette,ADAM G,13,13-1,,,,0,7,ED,0,,C,,,
Bachelorette,ADAM G,13,13-2,,,,0,7,ED,0,10,C,,,
Bachelorette,ADAM G,13,13-3,,,,0,7,ED,0,8,C,,,
Bachelorette,ADAM G,13,13-4,,,,0,7,ED,0,13,C,,,
Bachelorette,ADAM G,13,13-5,,,,0,7,ED,0,9,C,,,
Bachelorette,ADAM G,13,13-6,,,,0,7,ED,0,7,C,,,
Bachelorette,ADAM G,13,13-7,,,,0,7,ED,0,3,E,,,
Bachelorette,ALEX B,13,13-1,,,,0,6,E,0,,C,,,
Bachelorette,ALEX B,13,13-2,,,,0,6,E,0,10,C,,,
Bachelorette,ALEX B,13,13-3,,,,0,6,E,0,6,G,,,
Bachelorette,ALEX B,13,13-4,,,,0,6,E,0,13,C,,,
Bachelorette,ALEX B,13,13-5,,,,0,6,E,0,9,C,,,
Bachelorette,ALEX B,13,13-6,,,,0,6,E,0,7,E,,,
Bachelorette,ANTHONY B,13,13-1,,,,0,5,E,0,,C,,,
Bachelorette,ANTHONY B,13,13-2,,,,0,5,E,0,,C,,,
Bachelorette,ANTHONY B,13,13-3,,,,0,5,E,0,1,O,,,
Bachelorette,ANTHONY B,13,13-4,,,,0,5,E,0,13,C,,,
Bachelorette,ANTHONY B,13,13-5,,,,0,5,E,0,9,E,,,
Bachelorette,BLAKE E,13,13-1,,,,0,2,E,0,,C,,,
Bachelorette,BLAKE E,13,13-2,,,,0,2,E,0,8,E,,,
Bachelorette,BLAKE K,13,13-1,,,,0,1,E,0,,E,,,
Bachelorette,BRADY E,13,13-1,,,,0,3,E,0,,C,,,
Bachelorette,BRADY E,13,13-2,,,,0,3,E,0,,C,,,
Bachelorette,BRADY E,13,13-3,,,,0,3,E,0,8,E,,,
Bachelorette,BRYAN A,13,13-1,,,,1,N/A,W,1,,FI,,,
Bachelorette,BRYAN A,13,13-2,,,,1,N/A,W,1,,C,,,
Bachelorette,BRYAN A,13,13-3,,,,1,N/A,W,1,6,C,,,
Bachelorette,BRYAN A,13,13-4,,,,1,N/A,W,1,13,G,,,
Bachelorette,BRYAN A,13,13-5,,,,1,N/A,W,1,1,O,,,
Bachelorette,BRYAN A,13,13-6,,,,1,N/A,W,1,7,C,,,
Bachelorette,BRYAN A,13,13-7,,,,1,N/A,W,1,1,O,,,
Bachelorette,BRYAN A,13,13-8,,,,1,N/A,W,1,1,O,,,
Bachelorette,BRYAN A,13,13-9,,,,1,N/A,W,1,1,O,,,
Bachelorette,BRYAN A,13,13-10,,,,1,N/A,W,1,1,W,,,
Bachelorette,BRYCE P,13,13-1,,,,0,3,E,0,,C,,,
Bachelorette,BRYCE P,13,13-2,,,,0,3,E,0,,C,,,
Bachelorette,BRYCE P,13,13-3,,,,0,3,E,0,8,E,,,
Bachelorette,DEAN U,13,13-1,,,,0,8,E,0,,C,,,
Bachelorette,DEAN U,13,13-2,,,,0,8,E,0,8,G,,,
Bachelorette,DEAN U,13,13-3,,,,0,8,E,0,8,C,,,
Bachelorette,DEAN U,13,13-4,,,,0,8,E,0,1,O,,,
Bachelorette,DEAN U,13,13-5,,,,0,8,E,0,9,C,,,
Bachelorette,DEAN U,13,13-6,,,,0,8,E,0,7,C,,,
Bachelorette,DEAN U,13,13-7,,,,0,8,E,0,1,O,,,
Bachelorette,DEAN U,13,13-8,,,,0,8,E,0,1,E,,,
Bachelorette,DEMARIO J,13,13-1,,,,0,,EU,0,,C,,,
Bachelorette,DEMARIO J,13,13-2,,,,0,,EU,0,,E,,,
Bachelorette,GRANT H,13,13-1,,,,0,1,E,0,,E,,,
Bachelorette,JEDIDIAH B,13,13-1,,,,0,1,E,0,,E,,,
Bachelorette,KYLE S,13,13-1,,,,0,1,E,0,,E,,,
Bachelorette,MICHAEL B,13,13-1,,,,0,1,E,0,,E,,,
Bachelorette,MILTON L,13,13-1,,,,0,1,E,0,,E,,,
Bachelorette,MOHIT S,13,13-1,,,,0,1,E,0,,E,,,
Bachelorette,ROB H,13,13-1,,,,0,1,E,0,,E,,,
Bachelorette,PETER K,13,13-1,,,,0,10,E,0,,C,,,
Bachelorette,PETER K,13,13-2,,,,0,10,E,0,1,O,,,
Bachelorette,PETER K,13,13-3,,,,0,10,E,0,6,C,,,
Bachelorette,PETER K,13,13-4,,,,0,10,E,0,13,C,,,
Bachelorette,PETER K,13,13-5,,,,0,10,E,0,9,C,,,
Bachelorette,PETER K,13,13-6,,,,0,10,E,0,7,G,,,
Bachelorette,PETER K,13,13-7,,,,0,10,E,0,1,O,,,
Bachelorette,PETER K,13,13-8,,,,0,10,E,0,1,C,,,
Bachelorette,PETER K,13,13-9,,,,0,10,E,0,1,C,,,
Bachelorette,PETER K,13,13-10,,,,0,10,E,0,1,E,,,
Bachelorette,DIGGY M,13,13-1,,,,0,3,E,0,,C,,,
Bachelorette,DIGGY M,13,13-2,,,,0,3,E,0,10,C,,,
Bachelorette,DIGGY M,13,13-3,,,,0,3,E,0,,E,,,
Bachelorette,ERIC B,13,13-1,,,,0,9,E,0,,C,,,
Bachelorette,ERIC B,13,13-2,,,,0,9,E,0,10,C,,,
Bachelorette,ERIC B,13,13-3,,,,0,9,E,0,8,G,,,
Bachelorette,ERIC B,13,13-4,,,,0,9,E,0,13,C,,,
Bachelorette,ERIC B,13,13-5,,,,0,9,E,0,9,C,,,
Bachelorette,ERIC B,13,13-6,,,,0,9,E,0,1,O,,,
Bachelorette,ERIC B,13,13-7,,,,0,9,E,0,3,G,,,
Bachelorette,ERIC B,13,13-8,,,,0,9,E,0,1,C,,,
Bachelorette,ERIC B,13,13-9,,,,0,9,E,0,1,E,,,
Bachelorette,FRED J,13,13-1,,,,0,3,ED,0,,C,,,
Bachelorette,FRED J,13,13-2,,,,0,3,ED,0,8,C,,,
Bachelorette,FRED J,13,13-3,,,,0,3,ED,0,6,ED,,,
Bachelorette,IGGY R,13,13-1,,,,0,4,E,0,,C,,,
Bachelorette,IGGY R,13,13-2,,,,0,4,E,0,8,C,,,
Bachelorette,IGGY R,13,13-3,,,,0,4,E,0,,C,,,
Bachelorette,IGGY R,13,13-4,,,,0,4,E,0,13,E,,,
Bachelorette,JACK S,13,13-1,,,,0,4,ED,0,,C,,,
Bachelorette,JACK S,13,13-2,,,,0,4,ED,0,8,C,,,
Bachelorette,JACK S,13,13-3,,,,0,4,ED,0,8,C,,,
Bachelorette,JACK S,13,13-4,,,,0,4,ED,0,1,ED,,,
Bachelorette,JAMEY K,13,13-1,,,,0,2,E,0,,C,,,
Bachelorette,JAMEY K,13,13-2,,,,0,2,E,0,10,E,,,
Bachelorette,JONATHAN T,13,13-1,,,,0,4,E,0,,C,,,
Bachelorette,JONATHAN T,13,13-2,,,,0,4,E,0,8,C,,,
Bachelorette,JONATHAN T,13,13-3,,,,0,4,E,0,6,C,,,
Bachelorette,JONATHAN T,13,13-4,,,,0,4,E,0,13,E,,,
Bachelorette,JOSIAH G,13,13-1,,,,0,5,E,0,,C,,,
Bachelorette,JOSIAH G,13,13-2,,,,0,5,E,0,10,G,,,
Bachelorette,JOSIAH G,13,13-3,,,,0,5,E,0,,C,,,
Bachelorette,JOSIAH G,13,13-4,,,,0,5,E,0,13,C,,,
Bachelorette,JOSIAH G,13,13-5,,,,0,5,E,0,9,E,,,
Bachelorette,KENNY L,13,13-1,,,,0,6,ED,0,,C,,,
Bachelorette,KENNY L,13,13-2,,,,0,6,ED,0,8,C,,,
Bachelorette,KENNY L,13,13-3,,,,0,6,ED,0,8,C,,,
Bachelorette,KENNY L,13,13-4,,,,0,6,ED,0,13,C,,,
Bachelorette,KENNY L,13,13-5,,,,0,6,ED,0,2,G,,,
Bachelorette,KENNY L,13,13-6,,,,0,6,ED,0,7,ED,,,
Bachelorette,LEE G,13,13-1,,,,0,5,ED,0,,C,,,
Bachelorette,LEE G,13,13-2,,,,0,5,ED,0,10,C,,,
Bachelorette,LEE G,13,13-3,,,,0,5,ED,0,8,C,,,
Bachelorette,LEE G,13,13-4,,,,0,5,ED,0,13,C,,,
Bachelorette,LEE G,13,13-5,,,,0,5,ED,0,2,ED,,,
Bachelorette,LUCAS Y,13,13-1,,,,0,2,E,0,,C,,,
Bachelorette,LUCAS Y,13,13-2,,,,0,2,E,0,,E,,,
Bachelorette,MATT M,13,13-1,,,,0,7,,0,,C,,,
Bachelorette,MATT M,13,13-2,,,,0,7,,0,10,C,,,
Bachelorette,MATT M,13,13-3,,,,0,7,,0,,C,,,
Bachelorette,MATT M,13,13-4,,,,0,7,,0,13,C,,,
Bachelorette,MATT M,13,13-5,,,,0,7,,0,9,C,,,
Bachelorette,MATT M,13,13-6,,,,0,7,,0,7,C,,,
Bachelorette,MATT M,13,13-7,,,,0,7,,0,3,ED,,,
Bachelorette,WILL G,13,13-1,,,,0,6,ED,0,,C,,,
Bachelorette,WILL G,13,13-2,,,,0,6,ED,0,10,C,,,
Bachelorette,WILL G,13,13-3,,,,0,6,ED,0,6,C,,,
Bachelorette,WILL G,13,13-4,,,,0,6,ED,0,13,C,,,
Bachelorette,WILL G,13,13-5,,,,0,6,ED,0,8,G,,,
Bachelorette,WILL G,13,13-6,,,,0,6,ED,0,1,ED,,,
Bachelorette,JORDAN R,12,12-1,,,,1,N/A,W,1,,FI,,,
Bachelorette,JORDAN R,12,12-2,,,,1,N/A,W,1,6,C,,,
Bachelorette,JORDAN R,12,12-3,,,,1,N/A,W,1,12,C,,,
Bachelorette,JORDAN R,12,12-4,,,,1,N/A,W,1,11,G,,,
Bachelorette,JORDAN R,12,12-5,,,,1,N/A,W,1,1,O,,,
Bachelorette,JORDAN R,12,12-6,,,,1,N/A,W,1,5,C,,,
Bachelorette,JORDAN R,12,12-7,,,,1,N/A,W,1,1,C,,,
Bachelorette,JORDAN R,12,12-8,,,,1,N/A,W,1,1,C,,,
Bachelorette,JORDAN R,12,12-9,,,,1,N/A,W,1,1,C,,,
Bachelorette,JORDAN R,12,12-10,,,,1,N/A,W,1,1,W,,,
Bachelorette,ROBBY H,12,12-1,,,,0,10,E,0,,C,,,
Bachelorette,ROBBY H,12,12-2,,,,0,10,E,0,10,C,,,
Bachelorette,ROBBY H,12,12-3,,,,0,10,E,0,,C,,,
Bachelorette,ROBBY H,12,12-4,,,,0,10,E,0,11,C,,,
Bachelorette,ROBBY H,12,12-5,,,,0,10,E,0,9,G,,,
Bachelorette,ROBBY H,12,12-6,,,,0,10,E,0,5,C,,,
Bachelorette,ROBBY H,12,12-7,,,,0,10,E,0,3,G,,,
Bachelorette,ROBBY H,12,12-8,,,,0,10,E,0,1,O,,,
Bachelorette,ROBBY H,12,12-9,,,,0,10,E,0,1,O,,,
Bachelorette,ROBBY H,12,12-10,,,,0,10,E,0,1,E,,,
Bachelorette,CHASE M,12,12-1,,,,0,9,ED,0,,C,,,
Bachelorette,CHASE M,12,12-2,,,,0,9,ED,0,,C,,,
Bachelorette,CHASE M,12,12-3,,,,0,9,ED,0,1,O,,,
Bachelorette,CHASE M,12,12-4,,,,0,9,ED,0,11,C,,,
Bachelorette,CHASE M,12,12-5,,,,0,9,ED,0,9,C,,,
Bachelorette,CHASE M,12,12-6,,,,0,9,ED,0,2,G,,,
Bachelorette,CHASE M,12,12-7,,,,0,9,ED,0,3,C,,,
Bachelorette,CHASE M,12,12-8,,,,0,9,ED,0,1,C,,,
Bachelorette,CHASE M,12,12-9,,,,0,9,ED,0,1,ED,,,
Bachelorette,LUKE P,12,12-1,,,,0,8,E,0,,C,,,
Bachelorette,LUKE P,12,12-2,,,,0,8,E,0,10,C,,,
Bachelorette,LUKE P,12,12-3,,,,0,8,E,0,,C,,,
Bachelorette,LUKE P,12,12-4,,,,0,8,E,0,1,O,,,
Bachelorette,LUKE P,12,12-5,,,,0,8,E,0,9,C,,,
Bachelorette,LUKE P,12,12-6,,,,0,8,E,0,5,G,,,
Bachelorette,LUKE P,12,12-7,,,,0,8,E,0,1,O,,,
Bachelorette,LUKE P,12,12-8,,,,0,8,E,0,1,E,,,
Bachelorette,JAMES T,12,12-1,,,,0,7,E,0,,C,,,
Bachelorette,JAMES T,12,12-2,,,,0,7,E,0,6,C,,,
Bachelorette,JAMES T,12,12-3,,,,0,7,E,0,1,O,,,
Bachelorette,JAMES T,12,12-4,,,,0,7,E,0,11,C,,,
Bachelorette,JAMES T,12,12-5,,,,0,7,E,0,9,C,,,
Bachelorette,JAMES T,12,12-6,,,,0,7,E,0,5,C,,,
Bachelorette,JAMES T,12,12-7,,,,0,7,E,0,3,E,,,
Bachelorette,ALEX W,12,12-1,,,,0,6,ED,0,,C,,,
Bachelorette,ALEX W,12,12-2,,,,0,6,ED,0,6,C,,,
Bachelorette,ALEX W,12,12-3,,,,0,6,ED,0,12,C,,,
Bachelorette,ALEX W,12,12-4,,,,0,6,ED,0,2,G,,,
Bachelorette,ALEX W,12,12-5,,,,0,6,ED,0,9,C,,,
Bachelorette,ALEX W,12,12-6,,,,0,6,ED,0,5,C,,,
Bachelorette,ALEX W,12,12-7,,,,0,6,ED,0,1,ED,,,
Bachelorette,DEREK P,12,12-1,,,,0,6,ED,0,,C,,,
Bachelorette,DEREK P,12,12-2,,,,0,6,ED,0,1,O,,,
Bachelorette,DEREK P,12,12-3,,,,0,6,ED,0,,C,,,
Bachelorette,DEREK P,12,12-4,,,,0,6,ED,0,11,C,,,
Bachelorette,DEREK P,12,12-5,,,,0,6,ED,0,1,O,,,
Bachelorette,DEREK P,12,12-6,,,,0,6,ED,0,2,ED,,,
Bachelorette,WELLS A,12,12-1,,,,0,6,ED,0,,C,,,
Bachelorette,WELLS A,12,12-2,,,,0,6,ED,0,10,G,,,
Bachelorette,WELLS A,12,12-3,,,,0,6,ED,0,12,C,,,
Bachelorette,WELLS A,12,12-4,,,,0,6,ED,0,11,C,,,
Bachelorette,WELLS A,12,12-5,,,,0,6,ED,0,9,C,,,
Bachelorette,WELLS A,12,12-6,,,,0,6,ED,0,1,ED,,,
Bachelorette,VINCENT V,12,12-1,,,,0,5,E,0, ,C,,,
Bachelorette,VINCENT V,12,12-2,,,,0,5,E,0,10,C,,,
Bachelorette,VINCENT V,12,12-3,,,,0,5,E,0,12,C,,,
Bachelorette,VINCENT V,12,12-4,,,,0,5,E,0,11,C,,,
Bachelorette,VINCENT V,12,12-5,,,,0,5,E,0,9,E,,,
Bachelorette,GRANT K,12,12-1,,,,0,5,E,0,,C,,,
Bachelorette,GRANT K,12,12-2,,,,0,5,E,0,10,C,,,
Bachelorette,GRANT K,12,12-3,,,,0,5,E,0,12,C,,,
Bachelorette,GRANT K,12,12-4,,,,0,5,E,0,11,C,,,
Bachelorette,GRANT K,12,12-5,,,,0,5,E,0,9,E,,,
Bachelorette,EVAN B,12,12-1,,,,0,5,E,0,,C,,,
Bachelorette,EVAN B,12,12-2,,,,0,5,E,0,10,C,,,
Bachelorette,EVAN B,12,12-3,,,,0,5,E,0,12,G,,,
Bachelorette,EVAN B,12,12-4,,,,0,5,E,0,11,C,,,
Bachelorette,EVAN B,12,12-5,,,,0,5,E,0,9,E,,,
Bachelorette,JAMES F,12,12-1,,,,0,4,E,0,,C,,,
Bachelorette,JAMES F,12,12-2,,,,0,4,E,0,10,C,,,
Bachelorette,JAMES F,12,12-3,,,,0,4,E,0,12,C,,,
Bachelorette,JAMES F,12,12-4,,,,0,4,E,0,11,E,,,
Bachelorette,DANIEL M,12,12-1,,,,0,4,E,0,,C,,,
Bachelorette,DANIEL M,12,12-2,,,,0,4,E,0,10,C,,,
Bachelorette,DANIEL M,12,12-3,,,,0,4,E,0,12,C,,,
Bachelorette,DANIEL M,12,12-4,,,,0,4,E,0,11,E,,,
Bachelorette,CHAD J,12,12-1,,,,0,4,ED,0,,C,,,
Bachelorette,CHAD J,12,12-2,,,,0,4,ED,0,6,C,,,
Bachelorette,CHAD J,12,12-3,,,,0,4,ED,0,12,C,,,
Bachelorette,CHAD J,12,12-4,,,,0,4,ED,0,1,ED,,,
Bachelorette,NICK B,12,12-1,,,,0,3,E,0,,C,,,
Bachelorette,NICK B,12,12-2,,,,0,3,E,0,6,C,,,
Bachelorette,NICK B,12,12-3,,,,0,3,E,0,12,E,,,
Bachelorette,CHRISTIAN B,12,12-1,,,,0,3,E,0,,C,,,
Bachelorette,CHRISTIAN B,12,12-2,,,,0,3,E,0,6,C,,,
Bachelorette,CHRISTIAN B,12,12-3,,,,0,3,E,0,12,E,,,
Bachelorette,ALI Z,12,12-1,,,,0,3,E,0,,C,,,
Bachelorette,ALI Z,12,12-2,,,,0,3,E,0,10,C,,,
Bachelorette,ALI Z,12,12-3,,,,0,3,E,0,12,E,,,
Bachelorette,WILL H,12,12-1,,,,0,2,E,0,,C,,,
Bachelorette,WILL H,12,12-2,,,,0,2,E,0,10,E,,,
Bachelorette,JAMES S,12,12-1,,,,0,2,E,0,,C,,,
Bachelorette,JAMES S,12,12-2,,,,0,2,E,0,,E,,,
Bachelorette,BRANDON H,12,12-1,,,,0,2,E,0,,C,,,
Bachelorette,BRANDON H,12,12-2,,,,0,2,E,0,,E,,,
Bachelorette,SAL D,12,12-1,,,,0,1,E,0,,E,,,
Bachelorette,PETER M,12,12-1,,,,0,1,E,0,,E,,,
Bachelorette,NICK S,12,12-1,,,,0,1,E,0,,E,,,
Bachelorette,JONATHAN H,12,12-1,,,,0,1,E,0,,E,,,
Bachelorette,JAKE P,12,12-1,,,,0,1,E,0,,E,,,
Bachelorette,COLEY K,12,12-1,,,,0,1,E,0,,E,,,
Bachelorette,SHAWN B,11,12-1,,,,1,N/A,W,1,,FI,,,
Bachelorette,SHAWN B,11,12-2,,,,1,N/A,W,1,,C,,,
Bachelorette,SHAWN B,11,12-3,,,,1,N/A,W,1,6,G,,,
Bachelorette,SHAWN B,11,12-4,,,,1,N/A,W,1,8,C,,,
Bachelorette,SHAWN B,11,12-5,,,,1,N/A,W,1,1,O,,,
Bachelorette,SHAWN B,11,12-6,,,,1,N/A,W,1,,C,,,
Bachelorette,SHAWN B,11,12-7,,,,1,N/A,W,1,3,C,,,
Bachelorette,SHAWN B,11,12-8,,,,1,N/A,W,1,1,O,,,
Bachelorette,SHAWN B,11,12-9,,,,1,N/A,W,1,1,W,,,
Bachelorette,NICK V,11,12-1,,,,0,9,E,0,,C,,,
Bachelorette,NICK V,11,12-2,,,,0,9,E,0,,C,,,
Bachelorette,NICK V,11,12-3,,,,0,9,E,0,,C,,,
Bachelorette,NICK V,11,12-4,,,,0,9,E,0,,C,,,
Bachelorette,NICK V,11,12-5,,,,0,9,E,0,9,G,,,
Bachelorette,NICK V,11,12-6,,,,0,9,E,0,1,O,,,
Bachelorette,NICK V,11,12-7,,,,0,9,E,0,3,C,,,
Bachelorette,NICK V,11,12-8,,,,0,9,E,0,1,C,,,
Bachelorette,NICK V,11,12-9,,,,0,9,E,0,1,E,,,
Bachelorette,BEN H,11,12-1,,,,0,8,E,0,,C,,,
Bachelorette,BEN H,11,12-2,,,,0,8,E,0,8,C,,,
Bachelorette,BEN H,11,12-3,,,,0,8,E,0,6,G,,,
Bachelorette,BEN H,11,12-4,,,,0,8,E,0,5,C,,,
Bachelorette,BEN H,11,12-5,,,,0,8,E,0,1,O,,,
Bachelorette,BEN H,11,12-6,,,,0,8,E,0,5,C,,,
Bachelorette,BEN H,11,12-7,,,,0,8,E,0,1,O,,,
Bachelorette,BEN H,11,12-8,,,,0,8,E,0,1,E,,,
Bachelorette,JARED H,11,12-1,,,,0,7,E,0,,C,,,
Bachelorette,JARED H,11,12-2,,,,0,7,E,0,8,C,,,
Bachelorette,JARED H,11,12-3,,,,0,7,E,0,6,C,,,
Bachelorette,JARED H,11,12-4,,,,0,7,E,0,1,O,,,
Bachelorette,JARED H,11,12-5,,,,0,7,E,0,9,C,,,
Bachelorette,JARED H,11,12-6,,,,0,7,E,0,5,G,,,
Bachelorette,JARED H,11,12-7,,,,0,7,E,0,1,E,,,
Bachelorette,JOE B,11,12-1,,,,0,7,ED,0,,C,,,
Bachelorette,JOE B,11,12-2,,,,0,7,ED,0,7,C,,,
Bachelorette,JOE B,11,12-3,,,,0,7,ED,0,6,C,,,
Bachelorette,JOE B,11,12-4,,,,0,7,ED,0,5,C,,,
Bachelorette,JOE B,11,12-5,,,,0,7,ED,0,,C,,,
Bachelorette,JOE B,11,12-6,,,,0,7,ED,0,2,G,,,
Bachelorette,JOE B,11,12-7,,,,0,7,ED,0,3,ED,,,
Bachelorette,CHRIS S,11,12-1,,,,0,7,ED,0,,C,,,
Bachelorette,CHRIS S,11,12-2,,,,0,7,ED,0,7,C,,,
Bachelorette,CHRIS S,11,12-3,,,,0,7,ED,0,6,C,,,
Bachelorette,CHRIS S,11,12-4,,,,0,7,ED,0,5,G,,,
Bachelorette,CHRIS S,11,12-5,,,,0,7,ED,0,9,C,,,
Bachelorette,CHRIS S,11,12-6,,,,0,7,ED,0,5,C,,,
Bachelorette,CHRIS S,11,12-7,,,,0,7,ED,0,1,ED,,,
Bachelorette,BEN Z,11,12-1,,,,0,6,E,0,,C,,,
Bachelorette,BEN Z,11,12-2,,,,0,6,E,0,8,G,,,
Bachelorette,BEN Z,11,12-3,,,,0,6,E,0,1,O,,,
Bachelorette,BEN Z,11,12-4,,,,0,6,E,0,8,C,,,
Bachelorette,BEN Z,11,12-5,,,,0,6,E,0,9,C,,,
Bachelorette,BEN Z,11,12-6,,,,0,6,E,0,5,E,,,
Bachelorette,TANNER T,11,12-1,,,,0,6,E,0,,C,,,
Bachelorette,TANNER T,11,12-2,,,,0,6,E,0,7,C,,,
Bachelorette,TANNER T,11,12-3,,,,0,6,E,0,6,C,,,
Bachelorette,TANNER T,11,12-4,,,,0,6,E,0,8,C,,,
Bachelorette,TANNER T,11,12-5,,,,0,6,E,0,9,C,,,
Bachelorette,TANNER T,11,12-6,,,,0,6,E,0,2,E,,,
Bachelorette,JJ L,11,12-1,,,,0,6,ED,0,,C,,,
Bachelorette,JJ L,11,12-2,,,,0,6,ED,0,7,G,,,
Bachelorette,JJ L,11,12-3,,,,0,6,ED,0,6,C,,,
Bachelorette,JJ L,11,12-4,,,,0,6,ED,0,8,C,,,
Bachelorette,JJ L,11,12-5,,,,0,6,ED,0,9,C,,,
Bachelorette,JJ L,11,12-6,,,,0,6,ED,0,2,ED,,,
Bachelorette,JOSHUA A,11,12-1,,,,0,5,E,0,,C,,,
Bachelorette,JOSHUA A,11,12-2,,,,0,5,E,0,7,C,,,
Bachelorette,JOSHUA A,11,12-3,,,,0,5,E,0,6,C,,,
Bachelorette,JOSHUA A,11,12-4,,,,0,5,E,0,5,C,,,
Bachelorette,JOSHUA A,11,12-5,,,,0,5,E,0,9,E,,,
Bachelorette,JUSTIN R,11,12-1,,,,0,5,E,0,,C,,,
Bachelorette,JUSTIN R,11,12-2,,,,0,5,E,0,8,C,,,
Bachelorette,JUSTIN R,11,12-3,,,,0,5,E,0,,C,,,
Bachelorette,JUSTIN R,11,12-4,,,,0,5,E,0,8,G,,,
Bachelorette,JUSTIN R,11,12-5,,,,0,5,E,0,9,E,,,
Bachelorette,IAN T,11,12-1,,,,0,5,E,0,,C,,,
Bachelorette,IAN T,11,12-2,,,,0,5,E,0,7,C,,,
Bachelorette,IAN T,11,12-3,,,,0,5,E,0,,C,,,
Bachelorette,IAN T,11,12-4,,,,0,5,E,0,5,C,,,
Bachelorette,IAN T,11,12-5,,,,0,5,E,0,9,EQ,,,
Bachelorette,COREY S,11,12-1,,,,0,4,E,0,,C,,,
Bachelorette,COREY S,11,12-2,,,,0,4,E,0,8,C,,,
Bachelorette,COREY S,11,12-3,,,,0,4,E,0,,C,,,
Bachelorette,COREY S,11,12-4,,,,0,4,E,0,8,E,,,
Bachelorette,JONATHAN H,11,12-1,,,,0,4,E,0,,C,,,
Bachelorette,JONATHAN H,11,12-2,,,,0,4,E,0,7,C,,,
Bachelorette,JONATHAN H,11,12-3,,,,0,4,E,0,6,C,,,
Bachelorette,JONATHAN H,11,12-4,,,,0,4,E,0,8,E,,,
Bachelorette,RYAN B,11,12-1,,,,0,4,E,0,,C,,,
Bachelorette,RYAN B,11,12-2,,,,0,4,E,0,,C,,,
Bachelorette,RYAN B,11,12-3,,,,0,4,E,0,6,C,,,
Bachelorette,RYAN B,11,12-4,,,,0,4,E,0,8,E,,,
Bachelorette,CLINT A,11,12-1,,,,0,3,EU,0,,C,,,
Bachelorette,CLINT A,11,12-2,,,,0,3,EU,0,1,O,,,
Bachelorette,CLINT A,11,12-3,,,,0,3,EU,0,6,EU,,,
Bachelorette,TONY H,11,12-1,,,,0,3,EQ,0,,C,,,
Bachelorette,TONY H,11,12-2,,,,0,3,EQ,0,7,C,,,
Bachelorette,TONY H,11,12-3,,,,0,3,EQ,0,6,EQ,,,
Bachelorette,CORY S,11,12-1,,,,0,2,E,0,,C,,,
Bachelorette,CORY S,11,12-2,,,,0,2,E,0,,E,,,
Bachelorette,DANIEL F,11,12-1,,,,0,2,E,0,,C,,,
Bachelorette,DANIEL F,11,12-2,,,,0,2,E,0,8,E,,,
Bachelorette,KUPAH J,11,12-1,,,,0,2,E,0,,C,,,
Bachelorette,KUPAH J,11,12-2,,,,0,2,E,0,8,E,,,
Bachelorette,BRADLEY C,11,12-1,,,,0,1,E,0,,E,,,
Bachelorette,DAVID X,11,12-1,,,,0,1,E,0,,E,,,
Bachelorette,JOSH S,11,12-1,,,,0,1,E,0,,E,,,
Bachelorette,SHAWN E,11,12-1,,,,0,1,E,0,,E,,,
Bachelorette,BRADY T,11,12-1,,,,0,1,EQ,0,,EQ,,,
Bachelorette,RYAN M,11,12-1,,,,0,1,EF,0,,EF,,,
Bachelorette,JOSH M,10,10-1,,,,1,N/A,W,0,,C,,,
Bachelorette,JOSH M,10,10-2,,,,1,N/A,W,0,14,C,,,
Bachelorette,JOSH M,10,10-3,,,,1,N/A,W,0,12,G,,,
Bachelorette,JOSH M,10,10-4,,,,1,N/A,W,0,,C,,,
Bachelorette,JOSH M,10,10-5,,,,1,N/A,W,0,1,O,,,
Bachelorette,JOSH M,10,10-6,,,,1,N/A,W,0,6,C,,,
Bachelorette,JOSH M,10,10-7,,,,1,N/A,W,0,1,O,,,
Bachelorette,JOSH M,10,10-8,,,,1,N/A,W,0,1,O,,,
Bachelorette,JOSH M,10,10-9,,,,1,N/A,W,0,1,O,,,
Bachelorette,JOSH M,10,10-10,,,,1,N/A,W,0,1,W,,,
Bachelorette,NICK V,10,10-1,,,,0,10,EU,1,,FI,,,
Bachelorette,NICK V,10,10-2,,,,0,10,EU,1,,C,,,
Bachelorette,NICK V,10,10-3,,,,0,10,EU,1,1,O,,,
Bachelorette,NICK V,10,10-4,,,,0,10,EU,1,6,C,,,
Bachelorette,NICK V,10,10-5,,,,0,10,EU,1,9,C,,,
Bachelorette,NICK V,10,10-6,,,,0,10,EU,1,1,O,,,
Bachelorette,NICK V,10,10-7,,,,0,10,EU,1,4,G,,,
Bachelorette,NICK V,10,10-8,,,,0,10,EU,1,1,O,,,
Bachelorette,NICK V,10,10-9,,,,0,10,EU,1,1,O,,,
Bachelorette,NICK V,10,10-10,,,,0,10,EU,1,1,EU,,,
Bachelorette,CHRIS S,10,10-1,,,,0,9,ED,0,,C,,,
Bachelorette,CHRIS S,10,10-2,,,,0,9,ED,0,1,O,,,
Bachelorette,CHRIS S,10,10-3,,,,0,9,ED,0,,C,,,
Bachelorette,CHRIS S,10,10-4,,,,0,9,ED,0,,C,,,
Bachelorette,CHRIS S,10,10-5,,,,0,9,ED,0,9,C,,,
Bachelorette,CHRIS S,10,10-6,,,,0,9,ED,0,6,G,,,
Bachelorette,CHRIS S,10,10-7,,,,0,9,ED,0,4,C,,,
Bachelorette,CHRIS S,10,10-8,,,,0,9,ED,0,1,O,,,
Bachelorette,CHRIS S,10,10-9,,,,0,9,ED,0,1,ED,,,
Bachelorette,MARCUS G,10,10-1,,,,0,8,E,0,,C,,,
Bachelorette,MARCUS G,10,10-2,,,,0,8,E,0,14,G,,,
Bachelorette,MARCUS G,10,10-3,,,,0,8,E,0,12,C,,,
Bachelorette,MARCUS G,10,10-4,,,,0,8,E,0,1,O,,,
Bachelorette,MARCUS G,10,10-5,,,,0,8,E,0,9,C,,,
Bachelorette,MARCUS G,10,10-6,,,,0,8,E,0,6,C,,,
Bachelorette,MARCUS G,10,10-7,,,,0,8,E,0,1,O,,,
Bachelorette,MARCUS G,10,10-8,,,,0,8,E,0,1,E,,,
Bachelorette,BRIAN O,10,10-1,,,,0,7,E,0,,C,,,
Bachelorette,BRIAN O,10,10-2,,,,0,7,E,0,14,C,,,
Bachelorette,BRIAN O,10,10-3,,,,0,7,E,0,12,C,,,
Bachelorette,BRIAN O,10,10-4,,,,0,7,E,0,6,G,,,
Bachelorette,BRIAN O,10,10-5,,,,0,7,E,0,1,O,,,
Bachelorette,BRIAN O,10,10-6,,,,0,7,E,0,6,C,,,
Bachelorette,BRIAN O,10,10-7,,,,0,7,E,0,4,E,,,
Bachelorette,DYLAN P,10,10-1,,,,0,7,E,0,,C,,,
Bachelorette,DYLAN P,10,10-2,,,,0,7,E,0,14,C,,,
Bachelorette,DYLAN P,10,10-3,,,,0,7,E,0,,C,,,
Bachelorette,DYLAN P,10,10-4,,,,0,7,E,0,1,O,,,
Bachelorette,DYLAN P,10,10-5,,,,0,7,E,0,9,C,,,
Bachelorette,DYLAN P,10,10-6,,,,0,7,E,0,6,C,,,
Bachelorette,DYLAN P,10,10-7,,,,0,7,E,0,4,E,,,
Bachelorette,JJ O,10,10-1,,,,0,6,E,0,,C,,,
Bachelorette,JJ O,10,10-2,,,,0,6,E,0,,C,,,
Bachelorette,JJ O,10,10-3,,,,0,6,E,0,1,O,,,
Bachelorette,JJ O,10,10-4,,,,0,6,E,0,,C,,,
Bachelorette,JJ O,10,10-5,,,,0,6,E,0,9,G,,,
Bachelorette,JJ O,10,10-6,,,,0,6,E,0,6,E,,,
Bachelorette,CODY S,10,10-1,,,,0,6,ED,0,,C,,,
Bachelorette,CODY S,10,10-2,,,,0,6,ED,0,14,C,,,
Bachelorette,CODY S,10,10-3,,,,0,6,ED,0,12,C,,,
Bachelorette,CODY S,10,10-4,,,,0,6,ED,0,6,C,,,
Bachelorette,CODY S,10,10-5,,,,0,6,ED,0,9,C,,,
Bachelorette,CODY S,10,10-6,,,,0,6,ED,0,1,ED,,,
Bachelorette,ANDREW P,10,10-1,,,,0,5,E,0,,C,,,
Bachelorette,ANDREW P,10,10-2,,,,0,5,E,0,,C,,,
Bachelorette,ANDREW P,10,10-3,,,,0,5,E,0,12,C,,,
Bachelorette,ANDREW P,10,10-4,,,,0,5,E,0,6,C,,,
Bachelorette,ANDREW P,10,10-5,,,,0,5,E,0,9,E,,,
Bachelorette,MARQUEL M,10,10-1,,,,0,5,E,0,,C,,,
Bachelorette,MARQUEL M,10,10-2,,,,0,5,E,0,14,C,,,
Bachelorette,MARQUEL M,10,10-3,,,,0,5,E,0,12,C,,,
Bachelorette,MARQUEL M,10,10-4,,,,0,5,E,0,6,C,,,
Bachelorette,MARQUEL M,10,10-5,,,,0,5,E,0,9,E,,,
Bachelorette,PATRICK J,10,10-1,,,,0,5,E,0,,C,,,
Bachelorette,PATRICK J,10,10-2,,,,0,5,E,0,14,C,,,
Bachelorette,PATRICK J,10,10-3,,,,0,5,E,0,12,C,,,
Bachelorette,PATRICK J,10,10-4,,,,0,5,E,0,,C,,,
Bachelorette,PATRICK J,10,10-5,,,,0,5,E,0,9,E,,,
Bachelorette,TASOS H,10,10-1,,,,0,4,E,0,,C,,,
Bachelorette,TASOS H,10,10-2,,,,0,4,E,0,14,C,,,
Bachelorette,TASOS H,10,10-3,,,,0,4,E,0,12,C,,,
Bachelorette,TASOS H,10,10-4,,,,0,4,E,0,,E,,,
Bachelorette,ERIC H,10,10-1,,,,0,4,EU,0,,C,,,
Bachelorette,ERIC H,10,10-2,,,,0,4,EU,0,1,O,,,
Bachelorette,ERIC H,10,10-3,,,,0,4,EU,0,12,C,,,
Bachelorette,ERIC H,10,10-4,,,,0,4,EU,0,6,EU,,,
Bachelorette,BRADLEY W,10,10-1,,,,0,3,E,0,,C,,,
Bachelorette,BRADLEY W,10,10-2,,,,0,3,E,0,14,C,,,
Bachelorette,BRADLEY W,10,10-3,,,,0,3,E,0,12,E,,,
Bachelorette,BRETT M,10,10-1,,,,0,3,E,0,,C,,,
Bachelorette,BRETT M,10,10-2,,,,0,3,E,0,14,C,,,
Bachelorette,BRETT M,10,10-3,,,,0,3,E,0,12,E,,,
Bachelorette,RON W,10,10-1,,,,0,3,EQ,0,,C,,,
Bachelorette,RON W,10,10-2,,,,0,3,EQ,0,14,C,,,
Bachelorette,RON W,10,10-3,,,,0,3,EQ,0,12,EQ,,,
Bachelorette,CARL K,10,10-1,,,,0,2,E,0,,C,,,
Bachelorette,CARL K,10,10-2,,,,0,2,E,0,14,E,,,
Bachelorette,CRAIG M,10,10-1,,,,0,2,E,0,,,,,
Bachelorette,CRAIG M,10,10-2,,,,0,2,E,0,14,E,,,
Bachelorette,NICK S,10,10-1,,,,0,2,E,0,,,,,
Bachelorette,NICK S,10,10-2,,,,0,2,E,0,14,E,,,
Bachelorette,EMIL S,10,10-1,,,,0,1,E,0,,E,,,
Bachelorette,JASON L,10,10-2,,,,0,1,E,0,,E,,,
Bachelorette,JOSH B,10,10-3,,,,0,1,E,0,,E,,,
Bachelorette,MIKE C,10,10-4,,,,0,1,E,0,,E,,,
Bachelorette,RUDIE D,10,10-5,,,,0,1,E,0,,E,,,
Bachelorette,STEVEN W,10,10-6,,,,0,1,E,0,,E,,,
Bachelorette,CHRIS S,9,9-1,,,,1,N/A,W,0,,C,, ,
Bachelorette,CHRIS S,9,9-2,,,,1,N/A,W,0,,C,,,
Bachelorette,CHRIS S,9,9-3,,,,1,N/A,W,0,10,G,,,
Bachelorette,CHRIS S,9,9-4,,,,1,N/A,W,0,10,C,,,
Bachelorette,CHRIS S,9,9-5,,,,1,N/A,W,0,1,O,,,
Bachelorette,CHRIS S,9,9-6,,,,1,N/A,W,0,6,C,,,
Bachelorette,CHRIS S,9,9-7,,,,1,N/A,W,0,1,O,,,
Bachelorette,CHRIS S,9,9-8,,,,1,N/A,W,0,1,O,,,
Bachelorette,CHRIS S,9,9-9,,,,1,N/A,W,0,1,O,,,
Bachelorette,CHRIS S,9,9-10,,,,1,N/A,W,0,1,W,,,
Bachelorette,DREW K,9,9-1,,,,0,10,ED,1,,FI,,,
Bachelorette,DREW K,9,9-2,,,,0,10,ED,1,14,C,,,
Bachelorette,DREW K,9,9-3,,,,0,10,ED,1,10,C,,,
Bachelorette,DREW K,9,9-4,,,,0,10,ED,1,10,C,,,
Bachelorette,DREW K,9,9-5,,,,0,10,ED,1,7,C,,,
Bachelorette,DREW K,9,9-6,,,,0,10,ED,1,1,O,,,
Bachelorette,DREW K,9,9-7,,,,0,10,ED,1,2,G,,,
Bachelorette,DREW K,9,9-8,,,,0,10,ED,1,1,O,,,
Bachelorette,DREW K,9,9-9,,,,0,10,ED,1,1,O,,,
Bachelorette,DREW K,9,9-10,,,,0,10,ED,1,1,ED,,,
Bachelorette,BROOKS F,9,9-1,,,,0,9,EQ,0,,C,,,
Bachelorette,BROOKS F,9,9-2,,,,0,9,EQ,0,1,O,,,
Bachelorette,BROOKS F,9,9-3,,,,0,9,EQ,0,10,C,,,
Bachelorette,BROOKS F,9,9-4,,,,0,9,EQ,0,10,C,,,
Bachelorette,BROOKS F,9,9-5,,,,0,9,EQ,0,7,G,,,
Bachelorette,BROOKS F,9,9-6,,,,0,9,EQ,0,6,C,,,
Bachelorette,BROOKS F,9,9-7,,,,0,9,EQ,0,1,O,,,
Bachelorette,BROOKS F,9,9-8,,,,0,9,EQ,0,1,O,,,
Bachelorette,BROOKS F,9,9-9,,,,0,9,EQ,0,,EQ,,,
Bachelorette,ZAK W,9,9-1,,,,0,8,E,1,,FI,,,
Bachelorette,ZAK W,9,9-2,,,,0,8,E,1,14,C,,,
Bachelorette,ZAK W,9,9-3,,,,0,8,E,1,5,C,,,
Bachelorette,ZAK W,9,9-4,,,,0,8,E,1,10,G,,,
Bachelorette,ZAK W,9,9-5,,,,0,8,E,1,7,C,,,
Bachelorette,ZAK W,9,9-6,,,,0,8,E,1,1,O,,,
Bachelorette,ZAK W,9,9-7,,,,0,8,E,1,2,C,,,
Bachelorette,ZAK W,9,9-8,,,,0,8,E,1,1,E,,,
Bachelorette,MICHAEL G,9,9-1,,,,0,7,E,1,,FI,,,
Bachelorette,MICHAEL G,9,9-2,,,,0,7,E,1,14,C,,,
Bachelorette,MICHAEL G,9,9-3,,,,0,7,E,1,10,C,,,
Bachelorette,MICHAEL G,9,9-4,,,,0,7,E,1,10,C,,,
Bachelorette,MICHAEL G,9,9-5,,,,0,7,E,1,2,G,,,
Bachelorette,MICHAEL G,9,9-6,,,,0,7,E,1,6,C,,,
Bachelorette,MICHAEL G,9,9-7,,,,0,7,E,1,,E,,,
Bachelorette,JAMES C,9,9-1,,,,0,6,E,0,14,C,,,
Bachelorette,JAMES C,9,9-2,,,,0,6,E,0,5,C,,,
Bachelorette,JAMES C,9,9-3,,,,0,6,E,0,1,O,,,
Bachelorette,JAMES C,9,9-4,,,,0,6,E,0,7,G,,,
Bachelorette,JAMES C,9,9-5,,,,0,6,E,0,6,C,,,
Bachelorette,JAMES C,9,9-6,,,,0,6,E,0,,E,,,
Bachelorette,JUAN G,9,9-1,,,,0,6,E,0,,C,,,
Bachelorette,JUAN G,9,9-2,,,,0,6,E,0,14,C,,,
Bachelorette,JUAN G,9,9-3,,,,0,6,E,0,5,C,,,
Bachelorette,JUAN G,9,9-4,,,,0,6,E,0,10,C,,,
Bachelorette,JUAN G,9,9-5,,,,0,6,E,0,7,C,,,
Bachelorette,JUAN G,9,9-6,,,,0,6,E,0,6,E,,,
Bachelorette,KASEY S,9,9-1,,,,0,6,E,0,,C,,,
Bachelorette,KASEY S,9,9-2,,,,0,6,E,0,14,C,,,
Bachelorette,KASEY S,9,9-3,,,,0,6,E,0,1,O,,,
Bachelorette,KASEY S,9,9-4,,,,0,6,E,0,10,C,,,
Bachelorette,KASEY S,9,9-5,,,,0,6,E,0,7,C,,,
Bachelorette,KASEY S,9,9-6,,,,0,6,E,0,6,E,,,
Bachelorette,MIKEY T,9,9-1,,,,0,5,E,0,,C,,,
Bachelorette,MIKEY T,9,9-2,,,,0,5,E,0,14,C,,,
Bachelorette,MIKEY T,9,9-3,,,,0,5,E,0,10,C,,,
Bachelorette,MIKEY T,9,9-4,,,,0,5,E,0,10,C,,,
Bachelorette,MIKEY T,9,9-5,,,,0,5,E,0,7,E,,,
Bachelorette,BEN S,9,9-1,,,,0,5,ED,0,,FI,,,
Bachelorette,BEN S,9,9-2,,,,0,5,ED,0,14,G,,,
Bachelorette,BEN S,9,9-3,,,,0,5,ED,0,10,C,,,
Bachelorette,BEN S,9,9-4,,,,0,5,ED,0,10,C,,,
Bachelorette,BEN S,9,9-5,,,,0,5,ED,0,2,ED,,,
Bachelorette,BRYDEN V,9,9-1,,,,0,4,E,0,,C,,,
Bachelorette,BRYDEN V,9,9-2,,,,0,4,E,0,1,C,,,
Bachelorette,BRYDEN V,9,9-3,,,,0,4,E,0,5,C,,,
Bachelorette,BRYDEN V,9,9-4,,,,0,4,E,0,10,E,,,
Bachelorette,ZACK K,9,9-1,,,,0,4,E,0,,C,,,
Bachelorette,ZACK K,9,9-2,,,,0,4,E,0,14,C,,,
Bachelorette,ZACK K,9,9-3,,,,0,4,E,0,10,C,,,
Bachelorette,ZACK K,9,9-4,,,,0,4,E,0,,E,,,
Bachelorette,BRAD M,9,9-1,,,,0,4,ED,0,,C,,,
Bachelorette,BRAD M,9,9-2,,,,0,4,ED,0,,C,,,
Bachelorette,BRAD M,9,9-3,,,,0,4,ED,0,10,C,,,
Bachelorette,BRAD M,9,9-4,,,,0,4,ED,0,1,ED,,,
Bachelorette,BRANDON A,9,9-1,,,,0,3,E,0,,C,,,
Bachelorette,BRANDON A,9,9-2,,,,0,3,E,0,14,C,,,
Bachelorette,BRANDON A,9,9-3,,,,0,3,E,0,10,E,,,
Bachelorette,DAN C,9,9-1,,,,0,3,E,0,,C,,,
Bachelorette,DAN C,9,9-2,,,,0,3,E,0,14,C,,,
Bachelorette,DAN C,9,9-3,,,,0,3,E,0,5,E,,,
Bachelorette,BRIAN J,9,9-1,,,,0,3,EF,0,,C,,,
Bachelorette,BRIAN J,9,9-2,,,,0,3,EF,0,14,C,,,
Bachelorette,BRIAN J,9,9-3,,,,0,3,EF,0,10,EF,,,
Bachelorette,NICK M,9,9-1,,,,0,2,E,0,,FI,,,
Bachelorette,NICK M,9,9-2,,,,0,2,E,0,14,E,,,
Bachelorette,ROBERT G,9,9-1,,,,0,2,E,0,,C,,,
Bachelorette,ROBERT G,9,9-2,,,,0,2,E,0,,E,,,
Bachelorette,WILL R,9,9-1,,,,0,2,E,0,,C,,,
Bachelorette,WILL R,9,9-2,,,,0,2,E,0,14,E,,,
Bachelorette,DIOGO C,9,9-1,,,,0,1,E,0,,E,,,
Bachelorette,LARRY B,9,9-2,,,,0,1,E,0,,E,,,
Bachelorette,MICAH X,9,9-3,,,,0,1,E,0,,E,,,
Bachelorette,MIKE X,9,9-4,,,,0,1,E,0,,E,,,
Bachelorette,NICK R,9,9-5,,,,0,1,E,0,,E,,,
Bachelorette,JONATHAN V,9,9-6,,,,0,1,EU,0,,EU,,,
Bachelorette,JEF H,8,8-1,,,,1,N/A,W,0,,C,,,
Bachelorette,JEF H,8,8-2,,,,1,N/A,W,0,13,G,,,
Bachelorette,JEF H,8,8-3,,,,1,N/A,W,0,12,C,,,
Bachelorette,JEF H,8,8-4,,,,1,N/A,W,0,8,G,,,
Bachelorette,JEF H,8,8-5,,,,1,N/A,W,0,1,O,,,
Bachelorette,JEF H,8,8-6,,,,1,N/A,W,0,6,C,,,
Bachelorette,JEF H,8,8-7,,,,1,N/A,W,0,1,O,,,
Bachelorette,JEF H,8,8-8,,,,1,N/A,W,0,1,O,,,
Bachelorette,JEF H,8,8-9,,,,1,N/A,W,0,1,O,,,
Bachelorette,JEF H,8,8-10,,,,1,N/A,W,0,1,W,,,
Bachelorette,ARIE L,8,8-1,,,,0,10,ED,0,,C,,,
Bachelorette,ARIE L,8,8-2,,,,0,10,ED,0,,C,,,
Bachelorette,ARIE L,8,8-3,,,,0,10,ED,0,1,O,,,
Bachelorette,ARIE L,8,8-4,,,,0,10,ED,0,8,C,,,
Bachelorette,ARIE L,8,8-5,,,,0,10,ED,0,8,C,,,
Bachelorette,ARIE L,8,8-6,,,,0,10,ED,0,6,C,,,
Bachelorette,ARIE L,8,8-7,,,,0,10,ED,0,1,O,,,
Bachelorette,ARIE L,8,8-8,,,,0,10,ED,0,1,O,,,
Bachelorette,ARIE L,8,8-9,,,,0,10,ED,0,1,O,,,
Bachelorette,ARIE L,8,8-10,,,,0,10,ED,0,,ED,,,
Bachelorette,SEAN L,8,8-1,,,,0,9,E,0,,C,,,
Bachelorette,SEAN L,8,8-2,,,,0,9,E,0,,C,,,
Bachelorette,SEAN L,8,8-3,,,,0,9,E,0,12,G,,,
Bachelorette,SEAN L,8,8-4,,,,0,9,E,0,8,C,,,
Bachelorette,SEAN L,8,8-5,,,,0,9,E,0,1,O,,,
Bachelorette,SEAN L,8,8-6,,,,0,9,E,0,6,C,,,
Bachelorette,SEAN L,8,8-7,,,,0,9,E,0,3,G,,,
Bachelorette,SEAN L,8,8-8,,,,0,9,E,0,1,C,,,
Bachelorette,SEAN L,8,8-9,,,,0,9,E,0,1,E,,,
Bachelorette,CHRIS B,8,8-1,,,,0,8,E,0,,C,,,
Bachelorette,CHRIS B,8,8-2,,,,0,8,E,0,13,C,,,
Bachelorette,CHRIS B,8,8-3,,,,0,8,E,0,1,O,,,
Bachelorette,CHRIS B,8,8-4,,,,0,8,E,0,8,C,,,
Bachelorette,CHRIS B,8,8-5,,,,0,8,E,0,8,C,,,
Bachelorette,CHRIS B,8,8-6,,,,0,8,E,0,6,G,,,
Bachelorette,CHRIS B,8,8-7,,,,0,8,E,0,3,C,,,
Bachelorette,CHRIS B,8,8-8,,,,0,8,E,0,1,E,,,
Bachelorette,JOHN W,8,8-1,,,,0,7,E,0,,C,,,
Bachelorette,JOHN W,8,8-2,,,,0,7,E,0,13,C,,,
Bachelorette,JOHN W,8,8-3,,,,0,7,E,0,12,C,,,
Bachelorette,JOHN W,8,8-4,,,,0,7,E,0,2,G,,,
Bachelorette,JOHN W,8,8-5,,,,0,7,E,0,8,C,,,
Bachelorette,JOHN W,8,8-6,,,,0,7,E,0,6,C,,,
Bachelorette,JOHN W,8,8-7,,,,0,7,E,0,1,E,,,
Bachelorette,DOUG C,8,8-1,,,,0,7,ED,1,,FI,,,
Bachelorette,DOUG C,8,8-2,,,,0,7,ED,1,,C,,,
Bachelorette,DOUG C,8,8-3,,,,0,7,ED,1,12,C,,,
Bachelorette,DOUG C,8,8-4,,,,0,7,ED,1,1,O,,,
Bachelorette,DOUG C,8,8-5,,,,0,7,ED,1,8,C,,,
Bachelorette,DOUG C,8,8-6,,,,0,7,ED,1,6,C,,,
Bachelorette,DOUG C,8,8-7,,,,0,7,ED,1,3,ED,,,
Bachelorette,RYAN B,8,8-1,,,,0,6,ED,0,,C,,,
Bachelorette,RYAN B,8,8-2,,,,0,6,ED,0,1,O,,,
Bachelorette,RYAN B,8,8-3,,,,0,6,ED,0,12,C,,,
Bachelorette,RYAN B,8,8-4,,,,0,6,ED,0,8,C,,,
Bachelorette,RYAN B,8,8-5,,,,0,6,ED,0,8,C,,,
Bachelorette,RYAN B,8,8-6,,,,0,6,ED,0,1,ED,,,
Bachelorette,TRAVIS P,8,8-1,,,,0,6,ED,0,,C,,,
Bachelorette,TRAVIS P,8,8-2,,,,0,6,ED,0,,C,,,
Bachelorette,TRAVIS P,8,8-3,,,,0,6,ED,0,12,C,,,
Bachelorette,TRAVIS P,8,8-4,,,,0,6,ED,0,8,C,,,
Bachelorette,TRAVIS P,8,8-5,,,,0,6,ED,0,8,C,,,
Bachelorette,TRAVIS P,8,8-6,,,,0,6,ED,0,1,ED,,,
Bachelorette,ALEJANDRO V,8,8-1,,,,0,5,E,0,,C,,,
Bachelorette,ALEJANDRO V,8,8-2,,,,0,5,E,0,13,C,,,
Bachelorette,ALEJANDRO V,8,8-3,,,,0,5,E,0,12,C,,,
Bachelorette,ALEJANDRO V,8,8-4,,,,0,5,E,0,,C,,,
Bachelorette,ALEJANDRO V,8,8-5,,,,0,5,E,0,8,E,,,
Bachelorette,CHARLIE G,8,8-1,,,,0,5,ED,0,,C,,,
Bachelorette,CHARLIE G,8,8-2,,,,0,5,ED,0,13,C,,,
Bachelorette,CHARLIE G,8,8-3,,,,0,5,ED,0,,C,,,
Bachelorette,CHARLIE G,8,8-4,,,,0,5,ED,0,8,C,,,
Bachelorette,CHARLIE G,8,8-5,,,,0,5,ED,0,8,ED,,,
Bachelorette,MICHAEL N,8,8-1,,,,0,4,E,0,,C,,,
Bachelorette,MICHAEL N,8,8-2,,,,0,4,E,0,13,C,,,
Bachelorette,MICHAEL N,8,8-3,,,,0,4,E,0,12,C,,,
Bachelorette,MICHAEL N,8,8-4,,,,0,4,E,0,,E,,,
Bachelorette,NATHAN B,8,8-1,,,,0,4,ED,0,,C,,,
Bachelorette,NATHAN B,8,8-2,,,,0,4,ED,0,13,C,,,
Bachelorette,NATHAN B,8,8-3,,,,0,4,ED,0,,C,,,
Bachelorette,NATHAN B,8,8-4,,,,0,4,ED,0,2,ED,,,
Bachelorette,STEVIE A,8,8-1,,,,0,3,E,0,,C,,,
Bachelorette,STEVIE A,8,8-2,,,,0,3,E,0,13,C,,,
Bachelorette,STEVIE A,8,8-3,,,,0,3,E,0,12,E,,,
Bachelorette,ALESSANDRO G,8,8-1,,,,0,3,EU,0,,C,,,
Bachelorette,ALESSANDRO G,8,8-2,,,,0,3,EU,0,13,C,,,
Bachelorette,ALESSANDRO G,8,8-3,,,,0,3,EU,0,12,EU,,,
Bachelorette,TONY P,8,8-1,,,,0,3,ED,0,,C,,,
Bachelorette,TONY P,8,8-2,,,,0,3,ED,0,13,C,,,
Bachelorette,TONY P,8,8-3,,,,0,3,ED,0,12,ED,,,
Bachelorette,AARON M,8,8-1,,,,0,2,E,0,,C,,,
Bachelorette,AARON M,8,8-2,,,,0,2,E,0,13,E,,,
Bachelorette,KYLE D,8,8-1,,,,0,2,E,0,,C,,,
Bachelorette,KYLE D,8,8-2,,,,0,2,E,0,13,E,,,
Bachelorette,JOE G,8,8-1,,,,0,2,ED,0,,C,,,
Bachelorette,JOE G,8,8-2,,,,0,2,ED,0,1,ED,,,
Bachelorette,BRENT R,8,8-1,,,,0,1,E,0,,E,,,
Bachelorette,DAVID H,8,8-1,,,,0,1,E,0,,E,,,
Bachelorette,JACKSON L,8,8-1,,,,0,1,E,0,,E,,,
Bachelorette,JEANPAUL L,8,8-1,,,,0,1,E,0,,E,,,
Bachelorette,LERONE A,8,8-1,,,,0,1,E,0,,E,,,
Bachelorette,RANDY W,8,8-1,,,,0,1,E,0,,E,,,
Bachelorette,JP R,7,7-1,,,,1,N/A,W,0,,C,,,
Bachelorette,JP R,7,7-2,,,,1,N/A,W,0,,C,,SEASON, 
Bachelorette,JP R,7,7-3,,,,1,N/A,W,0,1,O,,,
Bachelorette,JP R,7,7-4,,,,1,N/A,W,0,10,C,,,
Bachelorette,JP R,7,7-5,,,,1,N/A,W,0,8,C,,,
Bachelorette,JP R,7,7-6,,,,1,N/A,W,0,1,O,,,
Bachelorette,JP R,7,7-7,,,,1,N/A,W,0,3,G,,,
Bachelorette,JP R,7,7-8,,,,1,N/A,W,0,1,O,,,
Bachelorette,JP R,7,7-9,,,,1,N/A,W,0,1,O,,,
Bachelorette,JP R,7,7-10,,,,1,N/A,W,0,1,W,,,
Bachelorette,BEN F,7,7-1,,,,0,10,E,0,,C,,,
Bachelorette,BEN F,7,7-2,,,,0,10,E,0,6,C,,,
Bachelorette,BEN F,7,7-3,,,,0,10,E,0,10,C,,,
Bachelorette,BEN F,7,7-4,,,,0,10,E,0,10,G,,,
Bachelorette,BEN F,7,7-5,,,,0,10,E,0,1,O,,,
Bachelorette,BEN F,7,7-6,,,,0,10,E,0,6,C,,,
Bachelorette,BEN F,7,7-7,,,,0,10,E,0,1,O,,,
Bachelorette,BEN F,7,7-8,,,,0,10,E,0,1,O,,,
Bachelorette,BEN F,7,7-9,,,,0,10,E,0,1,O,,,
Bachelorette,BEN F,7,7-10,,,,0,10,E,0,1,E,,,
Bachelorette,CONSTANTINE T,7,7-1,,,,0,9,EQ,0,,C,,,
Bachelorette,CONSTANTINE T,7,7-2,,,,0,9,EQ,0,,C,,,
Bachelorette,CONSTANTINE T,7,7-3,,,,0,9,EQ,0,,C,,,
Bachelorette,CONSTANTINE T,7,7-4,,,,0,9,EQ,0,1,O,,,
Bachelorette,CONSTANTINE T,7,7-5,,,,0,9,EQ,0,8,C,,,
Bachelorette,CONSTANTINE T,7,7-6,,,,0,9,EQ,0,6,C,,,
Bachelorette,CONSTANTINE T,7,7-7,,,,0,9,EQ,0,1,O,,,
Bachelorette,CONSTANTINE T,7,7-8,,,,0,9,EQ,0,1,O,,,
Bachelorette,CONSTANTINE T,7,7-9,,,,0,9,EQ,0,1,EQ,,,
Bachelorette,AMES B,7,7-1,,,,0,8,E,0,,C,,,
Bachelorette,AMES B,7,7-2,,,,0,8,E,0,,C,,,
Bachelorette,AMES B,7,7-3,,,,0,8,E,0,10,C,,,
Bachelorette,AMES B,7,7-4,,,,0,8,E,0,1,O,,,
Bachelorette,AMES B,7,7-5,,,,0,8,E,0,8,C,,,
Bachelorette,AMES B,7,7-6,,,,0,8,E,0,6,C,,,
Bachelorette,AMES B,7,7-7,,,,0,8,E,0,3,C,,,
Bachelorette,AMES B,7,7-8,,,,0,8,E,0,1,E,,,
Bachelorette,LUCAS D,7,7-1,,,,0,7,E,0,,C,,,
Bachelorette,LUCAS D,7,7-2,,,,0,7,E,0,6,C,,,
Bachelorette,LUCAS D,7,7-3,,,,0,7,E,0,10,C,,,
Bachelorette,LUCAS D,7,7-4,,,,0,7,E,0,10,C,,,
Bachelorette,LUCAS D,7,7-5,,,,0,7,E,0,8,C,,,
Bachelorette,LUCAS D,7,7-6,,,,0,7,E,0,1,O,,,
Bachelorette,LUCAS D,7,7-7,,,,0,7,E,0,3,E,,,
Bachelorette,RYAN P,7,7-1,,,,0,7,ED,1,,FI,,,
Bachelorette,RYAN P,7,7-2,,,,0,7,ED,1,,C,,,
Bachelorette,RYAN P,7,7-3,,,,0,7,ED,1,10,G,,,
Bachelorette,RYAN P,7,7-4,,,,0,7,ED,1,10,C,,,
Bachelorette,RYAN P,7,7-5,,,,0,7,ED,1,8,C,,,
Bachelorette,RYAN P,7,7-6,,,,0,7,ED,1,6,G,,,
Bachelorette,RYAN P,7,7-7,,,,0,7,ED,1,1,ED,,,
Bachelorette,BLAKE J,7,7-1,,,,0,6,E,0,,C,,,
Bachelorette,BLAKE J,7,7-2,,,,0,6,E,0,6,C,,,
Bachelorette,BLAKE J,7,7-3,,,,0,6,E,0,10,C,,,
Bachelorette,BLAKE J,7,7-4,,,,0,6,E,0,10,C,,,
Bachelorette,BLAKE J,7,7-5,,,,0,6,E,0,8,G,,,
Bachelorette,BLAKE J,7,7-6,,,,0,6,E,0,6,E,,,
Bachelorette,RYAN M,7,7-1,,,,0,6,EQ,0,,C,,,
Bachelorette,RYAN M,7,7-2,,,,0,6,EQ,0,1,O,,,
Bachelorette,RYAN M,7,7-3,,,,0,6,EQ,0,,C,,,
Bachelorette,RYAN M,7,7-4,,,,0,6,EQ,0,10,C,,,
Bachelorette,RYAN M,7,7-5,,,,0,6,EQ,0,8,C,,,
Bachelorette,RYAN M,7,7-6,,,,0,6,EQ,0,6,EQ,,,
Bachelorette,NICK P,7,7-1,,,,0,5,E,0,,,,,
Bachelorette,NICK P,7,7-2,,,,0,5,E,0,6,,,,
Bachelorette,NICK P,7,7-3,,,,0,5,E,0,10,,,,
Bachelorette,NICK P,7,7-4,,,,0,5,E,0,10,,,,
Bachelorette,NICK P,7,7-5,,,,0,5,E,0,8,E,,,
Bachelorette,WILLIAM H,7,7-1,,,,0,5,ED,0,,C,,,
Bachelorette,WILLIAM H,7,7-2,,,,0,5,ED,0,1,O,,,
Bachelorette,WILLIAM H,7,7-3,,,,0,5,ED,0,10,C,,,
Bachelorette,WILLIAM H,7,7-4,,,,0,5,ED,0,10,C,,,
Bachelorette,WILLIAM H,7,7-5,,,,0,5,ED,0,2,ED,,,
Bachelorette,BEN C,7,7-1,,,,0,5,ED,0,,C,,,
Bachelorette,BEN C,7,7-2,,,,0,5,ED,0,,C,,,
Bachelorette,BEN C,7,7-3,,,,0,5,ED,0,1,O,,,
Bachelorette,BEN C,7,7-4,,,,0,5,ED,0,10,C,,,
Bachelorette,BEN C,7,7-5,,,,0,5,ED,0,2,ED,,,
Bachelorette,WEST L,7,7-1,,,,0,4,E,0,,C,,,
Bachelorette,WEST L,7,7-2,,,,0,4,E,0,6,C,,,
Bachelorette,WEST L,7,7-3,,,,0,4,E,0,,C,,,
Bachelorette,WEST L,7,7-4,,,,0,4,E,0,10,E,,,
Bachelorette,CHRIS D,7,7-1,,,,0,3,E,0,,C,,,
Bachelorette,CHRIS D,7,7-2,,,,0,3,E,0,,C,,,
Bachelorette,CHRIS D,7,7-3,,,,0,3,E,0,10,E,,,
Bachelorette,JEFF M,7,7-1,,,,0,3,E,0,,C,,,
Bachelorette,JEFF M,7,7-2,,,,0,3,E,0,,C,,,
Bachelorette,JEFF M,7,7-3,,,,0,3,E,0,10,E,,,
Bachelorette,BENTLEY W,7,7-1,,,,0,3,EQ,0,,C,,,
Bachelorette,BENTLEY W,7,7-2,,,,0,3,EQ,0,6,G,,,
Bachelorette,BENTLEY W,7,7-3,,,,0,3,EQ,0,10,EQ,,,
Bachelorette,MATT C,7,7-1,,,,0,2,E,0,,C,,,
Bachelorette,MATT C,7,7-2,,,,0,2,E,0,,E,,,
Bachelorette,RYAN M,7,7-1,,,,0,2,E,0,,C,,,
Bachelorette,RYAN M,7,7-2,,,,0,2,E,0,,E,,,
Bachelorette,STEPHEN D,7,7-1,,,,0,2,E,0,,C,,,
Bachelorette,STEPHEN D,7,7-2,,,,0,2,E,0,,E,,,
Bachelorette,ANTHONY S,7,7-1,,,,0,1,E,0,,E,,,
Bachelorette,CHRIS M,7,7-1,,,,0,1,E,0,,E,,,
Bachelorette,FRANK C,7,7-1,,,,0,1,E,0,,E,,,
Bachelorette,JON E,7,7-1,,,,0,1,E,0,,E,,,
Bachelorette,MICHAEL B,7,7-1,,,,0,1,E,0,,E,,,
Bachelorette,ROB D,7,7-1,,,,0,1,E,0,,E,,,
Bachelorette,TIM M,7,7-1,,,,0,1,EU,0,,EU,,,
Bachelorette,ROBERT M,6,6-1,,,,1,N/A,W,1,,FI,,,
Bachelorette,ROBERT M,6,6-2,,,,1,N/A,W,1,,C,,,
Bachelorette,ROBERT M,6,6-3,,,,1,N/A,W,1,1,O,,,
Bachelorette,ROBERT M,6,6-4,,,,1,N/A,W,1,7,C,,,
Bachelorette,ROBERT M,6,6-5,,,,1,N/A,W,1,6,C,,,
Bachelorette,ROBERT M,6,6-6,,,,1,N/A,W,1,4,C,,,
Bachelorette,ROBERT M,6,6-7,,,,1,N/A,W,1,1,O,,,
Bachelorette,ROBERT M,6,6-8,,,,1,N/A,W,1,1,O,,,
Bachelorette,ROBERT M,6,6-9,,,,1,N/A,W,1,1,O,,,
Bachelorette,ROBERT M,6,6-10,,,,1,N/A,W,1,1,W,,,
Bachelorette,CHRIS L,6,6-1,,,,0,10,ED,0,,C,,,
Bachelorette,CHRIS L,6,6-2,,,,0,10,ED,0,,C,,,
Bachelorette,CHRIS L,6,6-3,,,,0,10,ED,0,9,C,,,
Bachelorette,CHRIS L,6,6-4,,,,0,10,ED,0,1,O,,,
Bachelorette,CHRIS L,6,6-5,,,,0,10,ED,0,6,C,,,
Bachelorette,CHRIS L,6,6-6,,,,0,10,ED,0,4,C,,,
Bachelorette,CHRIS L,6,6-7,,,,0,10,ED,0,1,O,,,
Bachelorette,CHRIS L,6,6-8,,,,0,10,ED,0,1,O,,,
Bachelorette,CHRIS L,6,6-9,,,,0,10,ED,0,1,O,,,
Bachelorette,CHRIS L,6,6-10,,,,0,10,ED,0,1,ED,,,
Bachelorette,FRANK N,6,6-1,,,,0,9,EF,0,,C,,,
Bachelorette,FRANK N,6,6-2,,,,0,9,EF,0,1,O,,,
Bachelorette,FRANK N,6,6-3,,,,0,9,EF,0,9,C,,,
Bachelorette,FRANK N,6,6-4,,,,0,9,EF,0,7,C,,,
Bachelorette,FRANK N,6,6-5,,,,0,9,EF,0,6,C,,,
Bachelorette,FRANK N,6,6-6,,,,0,9,EF,0,1,O,,,
Bachelorette,FRANK N,6,6-7,,,,0,9,EF,0,2,C,,,
Bachelorette,FRANK N,6,6-8,,,,0,9,EF,0,1,O,,,
Bachelorette,FRANK N,6,6-9,,,,0,9,EF,0,1,EF,,,
Bachelorette,KIRK D,6,6-1,,,,0,8,E,0,,C,,,
Bachelorette,KIRK D,6,6-2,,,,0,8,E,0,12,C,,,
Bachelorette,KIRK D,6,6-3,,,,0,8,E,0,9,G,,,
Bachelorette,KIRK D,6,6-4,,,,0,8,E,0,7,C,,,
Bachelorette,KIRK D,6,6-5,,,,0,8,E,0,1,O,,,
Bachelorette,KIRK D,6,6-6,,,,0,8,E,0,4,C,,,
Bachelorette,KIRK D,6,6-7,,,,0,8,E,0,1,O,,,
Bachelorette,KIRK D,6,6-8,,,,0,8,E,0,1,E,,,
Bachelorette,TY B,6,6-1,,,,0,7,E,0,,C,,,
Bachelorette,TY B,6,6-2,,,,0,7,E,0,12,G,,,
Bachelorette,TY B,6,6-3,,,,0,7,E,0,,C,,,
Bachelorette,TY B,6,6-4,,,,0,7,E,0,7,C,,,
Bachelorette,TY B,6,6-5,,,,0,7,E,0,6,G,,,
Bachelorette,TY B,6,6-6,,,,0,7,E,0,1,O,,,
Bachelorette,TY B,6,6-7,,,,0,7,E,0,2,E,,,
Bachelorette,CRAIG R,6,6-1,,,,0,6,E,0,,C,,,
Bachelorette,CRAIG R,6,6-2,,,,0,6,E,0,12,C,,,
Bachelorette,CRAIG R,6,6-3,,,,0,6,E,0,9,C,,,
Bachelorette,CRAIG R,6,6-4,,,,0,6,E,0,7,C,,,
Bachelorette,CRAIG R,6,6-5,,,,0,6,E,0,6,C,,,
Bachelorette,CRAIG R,6,6-6,,,,0,6,E,0,4,E,,,
Bachelorette,JUSTIN R,6,6-1,,,,0,6,EF,0,,C,,,
Bachelorette,JUSTIN R,6,6-2,,,,0,6,EF,0,12,C,,,
Bachelorette,JUSTIN R,6,6-3,,,,0,6,EF,0,9,C,,,
Bachelorette,JUSTIN R,6,6-4,,,,0,6,EF,0,,C,,,
Bachelorette,JUSTIN R,6,6-5,,,,0,6,EF,0,2,G,,,
Bachelorette,JUSTIN R,6,6-6,,,,0,6,EF,0,,EF,,,
Bachelorette,CHRIS N,6,6-1,,,,0,5,E,0,,C,,,
Bachelorette,CHRIS N,6,6-2,,,,0,5,E,0,12,C,,,
Bachelorette,CHRIS N,6,6-3,,,,0,5,E,0,9,C,,,
Bachelorette,CHRIS N,6,6-4,,,,0,5,E,0,,C,,,
Bachelorette,CHRIS N,6,6-5,,,,0,5,E,0,6,E,,,
Bachelorette,KASEY K,6,6-1,,,,0,5,ED,0,,C,,,
Bachelorette,KASEY K,6,6-2,,,,0,5,ED,0,12,C,,,
Bachelorette,KASEY K,6,6-3,,,,0,5,ED,0,,C,,,
Bachelorette,KASEY K,6,6-4,,,,0,5,ED,0,1,C,,,
Bachelorette,KASEY K,6,6-5,,,,0,5,ED,0,2,ED,,,
Bachelorette,JESSE B,6,6-1,,,,0,4,E,0,,C,,,
Bachelorette,JESSE B,6,6-2,,,,0,4,E,0,1,O,,,
Bachelorette,JESSE B,6,6-3,,,,0,4,E,0,9,C,,,
Bachelorette,JESSE B,6,6-4,,,,0,4,E,0,7,E,,,
Bachelorette,JONATHAN N,6,6-1,,,,0,4,E,0,,C,,,
Bachelorette,JONATHAN N,6,6-2,,,,0,4,E,0,12,C,,,
Bachelorette,JONATHAN N,6,6-3,,,,0,4,E,0,9,C,,,
Bachelorette,JONATHAN N,6,6-4,,,,0,4,E,0,7,E,,,
Bachelorette,JOHN C,6,6-1,,,,0,3,E,0,,C,,,
Bachelorette,JOHN C,6,6-2,,,,0,3,E,0,,C,,,
Bachelorette,JOHN C,6,6-3,,,,0,3,E,0,9,E,,,
Bachelorette,STEVE K,6,6-1,,,,0,3,E,0,,C,,,
Bachelorette,STEVE K,6,6-2,,,,0,3,E,0,12,C,,,
Bachelorette,STEVE K,6,6-3,,,,0,3,E,0,,E,,,
Bachelorette,HUNTER W,6,6-1,,,,0,3,ED,0,,C,,,
Bachelorette,HUNTER W,6,6-2,,,,0,3,ED,0,12,C,,,
Bachelorette,HUNTER W,6,6-3,,,,0,3,ED,0,1,ED,,,
Bachelorette,CHRIS H,6,6-1,,,,0,2,E,0,,C,,,
Bachelorette,CHRIS H,6,6-2,,,,0,2,E,0,12,E,,,
Bachelorette,CRAIG M,6,6-1,,,,0,2,E,0,,C,,,
Bachelorette,CRAIG M,6,6-2,,,,0,2,E,0,12,E,,,
Bachelorette,TYLER V,6,6-1,,,,0,2,E,0,,C,,,
Bachelorette,TYLER V,6,6-2,,,,0,2,E,0,12,E,,,
Bachelorette,DEREK X,6,6-1,,,,0,1,E,0,,E,,,
Bachelorette,DERRICK S,6,6-1,,,,0,1,E,0,,E,,,
Bachelorette,JASON W,6,6-1,,,,0,1,E,0,,E,,,
Bachelorette,JAY R,6,6-1,,,,0,1,E,0,,E,,,
Bachelorette,JOHN N,6,6-1,,,,0,1,E,0,,E,,,
Bachelorette,KYLE H,6,6-1,,,,0,1,E,0,,E,,,
Bachelorette,PHIL K,6,6-1,,,,0,1,E,0,,E,,,
Bachelorette,TYLER M,6,6-1,,,,0,1,E,0,,E,,,
Bachelorette,ED S,5,5-1,,,,1,N/A,W,0,,C,,,
Bachelorette,ED S,5,5-2,,,,1,N/A,W,0,8,C,,,
Bachelorette,ED S,5,5-3,,,,1,N/A,W,0,1,O,,, 
Bachelorette,ED S,5,5-4,,,,1,N/A,W,0,10,C,,,
Bachelorette,ED S,5,5-5,,,,1,N/A,W,0,8,C,,,
Bachelorette,ED S,5,5-6,,,,1,N/A,W,0,,C,,,
Bachelorette,ED S,5,5-7,,,,1,N/A,W,0,1,O,,,
Bachelorette,ED S,5,5-8,,,,1,N/A,W,0,1,O,,,
Bachelorette,ED S,5,5-9,,,,1,N/A,W,0,1,O,,,
Bachelorette,ED S,5,5-10,,,,1,N/A,W,0,1,W,,,
Bachelorette,KIPTYN L,5,5-1,,,,0,10,E,0,,C,,,
Bachelorette,KIPTYN L,5,5-2,,,,0,10,E,0,7,C,,,
Bachelorette,KIPTYN L,5,5-3,,,,0,10,E,0,11,C,,,
Bachelorette,KIPTYN L,5,5-4,,,,0,10,E,0,1,O,,,
Bachelorette,KIPTYN L,5,5-5,,,,0,10,E,0,8,C,,,
Bachelorette,KIPTYN L,5,5-6,,,,0,10,E,0,6,G,,,
Bachelorette,KIPTYN L,5,5-7,,,,0,10,E,0,1,O,,,
Bachelorette,KIPTYN L,5,5-8,,,,0,10,E,0,1,O,,,
Bachelorette,KIPTYN L,5,5-9,,,,0,10,E,0,1,O,,,
Bachelorette,KIPTYN L,5,5-10,,,,0,10,E,0,1,E,,,
Bachelorette,REID R,5,5-1,,,,0,9,E,0,,C,,,
Bachelorette,REID R,5,5-2,,,,0,9,E,0,,C,,,
Bachelorette,REID R,5,5-3,,,,0,9,E,0,11,C,,,
Bachelorette,REID R,5,5-4,,,,0,9,E,0,10,C,,,
Bachelorette,REID R,5,5-5,,,,0,9,E,0,8,C,,,
Bachelorette,REID R,5,5-6,,,,0,9,E,0,1,O,,,
Bachelorette,REID R,5,5-7,,,,0,9,E,0,1,O,,,
Bachelorette,REID R,5,5-8,,,,0,9,E,0,1,O,,,
Bachelorette,REID R,5,5-9,,,,0,9,E,0,1,E,,,
Bachelorette,WES H,5,5-1,,,,0,8,E,0,,C,,,
Bachelorette,WES H,5,5-2,,,,0,8,E,0,8,G,,,
Bachelorette,WES H,5,5-3,,,,0,8,E,0,11,C,,,
Bachelorette,WES H,5,5-4,,,,0,8,E,0,10,C,,,
Bachelorette,WES H,5,5-5,,,,0,8,E,0,8,C,,,
Bachelorette,WES H,5,5-6,,,,0,8,E,0,6,C,,,
Bachelorette,WES H,5,5-7,,,,0,8,E,0,1,C,,,
Bachelorette,WES H,5,5-8,,,,0,8,E,0,1,E,,,
Bachelorette,JESSE K,5,5-1,,,,0,7,E,0,,C,,,
Bachelorette,JESSE K,5,5-2,,,,0,7,E,0,7,C,,,
Bachelorette,JESSE K,5,5-3,,,,0,7,E,0,,C,,,
Bachelorette,JESSE K,5,5-4,,,,0,7,E,0,10,G,,,
Bachelorette,JESSE K,5,5-5,,,,0,7,E,0,1,O,,,
Bachelorette,JESSE K,5,5-6,,,,0,7,E,0,6,C,,,
Bachelorette,JESSE K,5,5-7,,,,0,7,E,0,1,E,,,
Bachelorette,MICHAEL S,5,5-1,,,,0,7,E,0,,C,,,
Bachelorette,MICHAEL S,5,5-2,,,,0,7,E,0,8,C,,,
Bachelorette,MICHAEL S,5,5-3,,,,0,7,E,0,11,C,,,
Bachelorette,MICHAEL S,5,5-4,,,,0,7,E,0,10,C,,,
Bachelorette,MICHAEL S,5,5-5,,,,0,7,E,0,1,O,,,
Bachelorette,MICHAEL S,5,5-6,,,,0,7,E,0,6,C,,,
Bachelorette,MICHAEL S,5,5-7,,,,0,7,E,0,1,E,,,
Bachelorette,JAKE P,5,5-1,,,,0,6,E,0,,C,,,
Bachelorette,JAKE P,5,5-2,,,,0,6,E,0,1,O,,,
Bachelorette,JAKE P,5,5-3,,,,0,6,E,0,,C,,,
Bachelorette,JAKE P,5,5-4,,,,0,6,E,0,10,C,,,
Bachelorette,JAKE P,5,5-5,,,,0,6,E,0,8,C,,,
Bachelorette,JAKE P,5,5-6,,,,0,6,E,0,6,E,,,
Bachelorette,TANNER P,5,5-1,,,,0,6,E,0,,C,,,
Bachelorette,TANNER P,5,5-2,,,,0,6,E,0,8,C,,,
Bachelorette,TANNER P,5,5-3,,,,0,6,E,0,11,C,,,
Bachelorette,TANNER P,5,5-4,,,,0,6,E,0,10,C,,,
Bachelorette,TANNER P,5,5-5,,,,0,6,E,0,8,C,,,
Bachelorette,TANNER P,5,5-6,,,,0,6,E,0,6,E,,,
Bachelorette,ROBBY D,5,5-1,,,,0,6,ED,0,,C,,,
Bachelorette,ROBBY D,5,5-2,,,,0,6,ED,0,,C,,,
Bachelorette,ROBBY D,5,5-3,,,,0,6,ED,0,11,G,,,
Bachelorette,ROBBY D,5,5-4,,,,0,6,ED,0,10,C,,,
Bachelorette,ROBBY D,5,5-5,,,,0,6,ED,0,8,C,,,
Bachelorette,ROBBY D,5,5-6,,,,0,6,ED,0,1,ED,,,
Bachelorette,MARK H,5,5-1,,,,0,5,E,0,,C,,,
Bachelorette,MARK H,5,5-2,,,,0,5,E,0,7,C,,,
Bachelorette,MARK H,5,5-3,,,,0,5,E,0,11,C,,,
Bachelorette,MARK H,5,5-4,,,,0,5,E,0,2,G,,,
Bachelorette,MARK H,5,5-5,,,,0,5,E,0,8,E,,,
Bachelorette,DAVID G,5,5-1,,,,0,4,E,1,,FI,,,
Bachelorette,DAVID G,5,5-2,,,,0,4,E,1,7,C,,,
Bachelorette,DAVID G,5,5-3,,,,0,4,E,1,,C,,,
Bachelorette,DAVID G,5,5-4,,,,0,4,E,1,10,E,,,
Bachelorette,JUAN B,5,5-1,,,,0,4,E,0,,C,,,
Bachelorette,JUAN B,5,5-2,,,,0,4,E,0,7,G,,,
Bachelorette,JUAN B,5,5-3,,,,0,4,E,0,11,C,,,
Bachelorette,JUAN B,5,5-4,,,,0,4,E,0,10,E,,,
Bachelorette,MIKE S,5,5-1,,,,0,4,ED,0,,C,,,
Bachelorette,MIKE S,5,5-2,,,,0,4,ED,0,7,G,,,
Bachelorette,MIKE S,5,5-3,,,,0,4,ED,0,11,C,,,
Bachelorette,MIKE S,5,5-4,,,,0,4,ED,0,2,ED,,,
Bachelorette,BRAD S,5,5-1,,,,0,3,E,0,,C,,,
Bachelorette,BRAD S,5,5-2,,,,0,3,E,0,8,C,,,
Bachelorette,BRAD S,5,5-3,,,,0,3,E,0,11,E,,,
Bachelorette,TANNER F,5,5-1,,,,0,3,E,0,,C,,,
Bachelorette,TANNER F,5,5-2,,,,0,3,E,0,,C,,,
Bachelorette,TANNER F,5,5-3,,,,0,3,E,0,11,E,,,
Bachelorette,SASHA P,5,5-1,,,,0,3,ED,0,,C,,,
Bachelorette,SASHA P,5,5-2,,,,0,3,ED,0,8,C,,,
Bachelorette,SASHA P,5,5-3,,,,0,3,ED,0,1,ED,,,
Bachelorette,BRIAN D,5,5-1,,,,0,2,E,0,,C,,,
Bachelorette,BRIAN D,5,5-2,,,,0,2,E,0,8,E,,,
Bachelorette,JULIEN H,5,5-1,,,,0,2,E,0,,C,,,
Bachelorette,JULIEN H,5,5-2,,,,0,2,E,0,,E,,,
Bachelorette,MATHUE J,5,5-1,,,,0,2,E,0,,C,,,
Bachelorette,MATHUE J,5,5-2,,,,0,2,E,0,8,E,,,
Bachelorette,SIMON A,5,5-1,,,,0,2,E,0,,C,,,
Bachelorette,SIMON A,5,5-2,,,,0,2,E,0,7,E,,,
Bachelorette,ADAM D,5,5-1,,,,0,1,E,0,,E,,,
Bachelorette,BRIAN V,5,5-1,,,,0,1,E,0,,E,,,
Bachelorette,BRYCE H,5,5-1,,,,0,1,E,0,,E,,,
Bachelorette,CALEB K,5,5-1,,,,0,1,E,0,,E,,,
Bachelorette,GREG B,5,5-1,,,,0,1,E,0,,E,,,
Bachelorette,JOHN H,5,5-1,,,,0,1,E,0,,E,,,
Bachelorette,JOHN P,5,5-1,,,,0,1,E,0,,E,,,
Bachelorette,JOSH Y,5,5-1,,,,0,1,E,0,,E,,,
Bachelorette,KYLE Y,5,5-1,,,,0,1,E,0,,E,,,
Bachelorette,STEPHEN R,5,5-1,,,,0,1,E,0,,E,,,
Bachelorette,JESSE C,4,4-1,,,,1,N/A,W,1,,FI,,,
Bachelorette,JESSE C,4,4-2,,,,1,N/A,W,1,7,C,,,
Bachelorette,JESSE C,4,4-3,,,,1,N/A,W,1,10,C,,,
Bachelorette,JESSE C,4,4-4,,,,1,N/A,W,1,1,O,,,
Bachelorette,JESSE C,4,4-5,,,,1,N/A,W,1,4,C,,,
Bachelorette,JESSE C,4,4-6,,,,1,N/A,W,1,1,O,,,
Bachelorette,JESSE C,4,4-7,,,,1,N/A,W,1,1,O,,,
Bachelorette,JESSE C,4,4-8,,,,1,N/A,W,1,1,W,,,
Bachelorette,JASON M,4,4-1,,,,0,8,E,0,,C,,,
Bachelorette,JASON M,4,4-2,,,,0,8,E,0,7,C,,,
Bachelorette,JASON M,4,4-3,,,,0,8,E,0,1,O,,,
Bachelorette,JASON M,4,4-4,,,,0,8,E,0,6,C,,,
Bachelorette,JASON M,4,4-5,,,,0,8,E,0,4,C,,,
Bachelorette,JASON M,4,4-6,,,,0,8,E,0,1,O,,,
Bachelorette,JASON M,4,4-7,,,,0,8,E,0,1,O,,,
Bachelorette,JASON M,4,4-8,,,,0,8,E,0,1,E,,,
Bachelorette,JEREMY A,4,4-1,,,,0,7,E,1,,FI,,,
Bachelorette,JEREMY A,4,4-2,,,,0,7,E,1,7,G,,,
Bachelorette,JEREMY A,4,4-3,,,,0,7,E,1,10,C,,,
Bachelorette,JEREMY A,4,4-4,,,,0,7,E,1,6,C,,,
Bachelorette,JEREMY A,4,4-5,,,,0,7,E,1,1,O,,,
Bachelorette,JEREMY A,4,4-6,,,,0,7,E,1,1,O,,,
Bachelorette,JEREMY A,4,4-7,,,,0,7,E,1,1,E,,,
Bachelorette,GRAHAM B,4,4-1,,,,0,6,E,0,,C,,,
Bachelorette,GRAHAM B,4,4-2,,,,0,6,E,0,1,O,,,
Bachelorette,GRAHAM B,4,4-3,,,,0,6,E,0,10,C,,,
Bachelorette,GRAHAM B,4,4-4,,,,0,6,E,0,6,C,,,
Bachelorette,GRAHAM B,4,4-5,,,,0,6,E,0,4,C,,,
Bachelorette,GRAHAM B,4,4-6,,,,0,6,E,0,1,E,,,
Bachelorette,SEAN R,4,4-1,,,,0,5,E,0,,C,,,
Bachelorette,SEAN R,4,4-2,,,,0,5,E,0,7,C,,,
Bachelorette,SEAN R,4,4-3,,,,0,5,E,0,10,C,,,
Bachelorette,SEAN R,4,4-4,,,,0,5,E,0,6,G,,,
Bachelorette,SEAN R,4,4-5,,,,0,5,E,0,1,E,,,
Bachelorette,BLAINE T,4,4-1,,,,0,5,E,0,,C,,,
Bachelorette,BLAINE T,4,4-2,,,,0,5,E,0,7,C,,,
Bachelorette,BLAINE T,4,4-3,,,,0,5,E,0,10,C,,,
Bachelorette,BLAINE T,4,4-4,,,,0,5,E,0,6,C,,,
Bachelorette,BLAINE T,4,4-5,,,,0,5,E,0,4,E,,,
Bachelorette,BRIAN T,4,4-1,,,,0,4,E,0,,C,,,
Bachelorette,BRIAN T,4,4-2,,,,0,4,E,0,7,C,,,
Bachelorette,BRIAN T,4,4-3,,,,0,4,E,0,10,C,,,
Bachelorette,BRIAN T,4,4-4,,,,0,4,E,0,6,E,,,
Bachelorette,FREDERICK G,4,4-1,,,,0,4,ED,0,,C,,,
Bachelorette,FREDERICK G,4,4-2,,,,0,4,ED,0,7,C,,,
Bachelorette,FREDERICK G,4,4-3,,,,0,4,ED,0,10,G,,,
Bachelorette,FREDERICK G,4,4-4,,,,0,4,ED,0,2,ED,,,
Bachelorette,ROBERT F,4,4-1,,,,0,4,ED,0,,C,,,
Bachelorette,ROBERT F,4,4-2,,,,0,4,ED,0,7,C,,,
Bachelorette,ROBERT F,4,4-3,,,,0,4,ED,0,10,G,,,
Bachelorette,ROBERT F,4,4-4,,,,0,4,ED,0,2,ED,,,
Bachelorette,PAUL B,4,4-1,,,,0,3,E,0,,C,,,
Bachelorette,PAUL B,4,4-2,,,,0,3,E,0,7,G,,,
Bachelorette,PAUL B,4,4-3,,,,0,3,E,0,10,E,,,
Bachelorette,RONALD M,4,4-1,,,,0,3,E,0,,C,,,
Bachelorette,RONALD M,4,4-2,,,,0,3,E,0,7,C,,,
Bachelorette,RONALD M,4,4-3,,,,0,3,E,0,10,E,,,
Bachelorette,RICHARD M,4,4-1,,,,0,3,ED,1,,FI,,,
Bachelorette,RICHARD M,4,4-2,,,,0,3,ED,1,7,C,,,
Bachelorette,RICHARD M,4,4-3,,,,0,3,ED,1,1,ED,,,
Bachelorette,CHRISTOPHER B,4,4-1,,,,0,2,E,0,,C,,,
Bachelorette,CHRISTOPHER B,4,4-2,,,,0,2,E,0,7,E,,,
Bachelorette,ERIC P,4,4-1,,,,0,2,E,0,,C,,,
Bachelorette,ERIC P,4,4-2,,,,0,2,E,0,7,E,,,
Bachelorette,RYAN H,4,4-1,,,,0,2,E,0,,C,,,
Bachelorette,RYAN H,4,4-2,,,,0,2,E,0,7,E,,,
Bachelorette,BRIAN W,4,4-1,,,,0,1,E,0,,E,,,
Bachelorette,CHANDLER F,4,4-1,,,,0,1,E,0,,E,,,
Bachelorette,DONATO C,4,4-1,,,,0,1,E,0,,E,,,
Bachelorette,GREGORY M,4,4-1,,,,0,1,E,0,,E,,,
Bachelorette,JEFFREY H,4,4-1,,,,0,1,E,0,,E,,,
Bachelorette,JONATHAN K,4,4-1,,,,0,1,E,0,,E,,,
Bachelorette,LUKE H,4,4-1,,,,0,1,E,0,,E,,,
Bachelorette,PATRICK C,4,4-1,,,,0,1,E,0,,E,,,
Bachelorette,PATRICK D,4,4-1,,,,0,1,E,0,,E,,,
Bachelorette,SPERO S,4,4-1,,,,0,1,E,0,,E,,,