show,season,name,winner,runner_up,elim_week,fir,occupation,hometown,age,height,roses,num_in_elim_week
Bachelor,1,Amber ,0,0,1,0,,,,,0,0
Bachelor,1,Daniela ,0,0,1,0,,,,,0,1
Bachelor,1,Denise ,0,0,1,0,,,,,0,2
Bachelor,1,Jackie ,0,0,1,0,,,,,0,3
Bachelor,1,Jill ,0,0,1,0,,,,,0,4
Bachelor,1,Kristina ,0,0,1,0,,,,,0,5
Bachelor,1,Lisa ,0,0,1,0,,,,,0,6
Bachelor,1,Paula ,0,0,1,0,,,,,0,7
Bachelor,1,Rachel ,0,0,1,0,,,,,0,8
Bachelor,1,Wendi ,0,0,1,0,,,,,0,9
Bachelor,1,Alexa ,0,0,2,0,,,,,0,0
Bachelor,1,Amy ,0,0,2,0,,,,,0,1
Bachelor,1,Angela ,0,0,2,0,,,,,0,2
Bachelor,1,Angelique ,0,0,2,0,,,,,0,3
Bachelor,1,Katie ,0,0,2,0,,,,,0,4
Bachelor,1,Melissa ,0,0,2,0,,,,,0,5
Bachelor,1,Tina ,0,0,2,0,,,,,0,6
Bachelor,1,Cathy G,0,0,3,0,,,,,0,0
Bachelor,1,Christina ,0,0,3,0,,,,,0,1
Bachelor,1,Lanease A,0,0,3,0,,,,,0,2
Bachelor,1,Rhonda ,0,0,3,0,,,,,0,3
Bachelor,1,Kim ,0,0,4,0,,,,,0,0
Bachelor,1,Shannon O,0,0,5,0,,,,,0,0
Bachelor,1,Trista R,0,1,6,0,,,,,0,0
Bachelor,1,Amanda M,1,0,N/A,0,Event Planner,,,,0,0
Bachelor,2,Amber ,0,0,1,0,,,,,0,0
Bachelor,2,Camille ,0,0,1,0,,,,,0,1
Bachelor,2,Cari ,0,0,1,0,,,,,0,2
Bachelor,2,Christy ,0,0,1,0,,,,,0,3
Bachelor,2,Erin ,0,0,1,0,,,,,0,4
Bachelor,2,Fatima ,0,0,1,0,,,,,0,5
Bachelor,2,Liangy ,0,0,1,0,,,,,0,6
Bachelor,2,Lori ,0,0,1,0,,,,,0,7
Bachelor,2,Merilee ,0,0,1,0,,,,,0,8
Bachelor,2,Anindita ,0,0,2,0,,,,,0,0
Bachelor,2,Dana ,0,0,2,0,,,,,0,1
Bachelor,2,Erin ,0,0,2,0,,,,,0,2
Bachelor,2,Frances ,0,0,2,0,,,,,0,3
Bachelor,2,Suzanne ,0,0,2,0,,,,,0,4
Bachelor,2,Christi ,0,0,3,0,,,,,0,0
Bachelor,2,Heather ,0,0,3,0,,,,,0,1
Bachelor,2,Kyla ,0,0,3,0,,,,,0,2
Bachelor,2,Shannon ,0,0,3,0,,,,,0,3
Bachelor,2,Hayley ,0,0,4,0,,,,,0,0
Bachelor,2,Heather C,0,0,4,0,,,,,0,1
Bachelor,2,Angela ,0,0,5,0,,,,,0,0
Bachelor,2,Gwen G,0,0,6,0,,,,,0,0
Bachelor,2,Brooke S,0,1,7,0,,,,,0,0
Bachelor,2,Helene E,1,0,N/A,0,School Psychologist,,,,0,0
Bachelor,3,Amy ,0,0,1,0,,,,,0,0
Bachelor,3,Angela ,0,0,1,0,,,,,0,1
Bachelor,3,Brooke ,0,0,1,0,,,,,0,2
Bachelor,3,Courtney ,0,0,1,0,,,,,0,3
Bachelor,3,Ginny ,0,0,1,0,,,,,0,4
Bachelor,3,Jennifer ,0,0,1,0,,,,,0,5
Bachelor,3,Kristen ,0,0,1,0,,,,,0,6
Bachelor,3,Stephanie ,0,0,1,0,,,,,0,7
Bachelor,3,Tiffany ,0,0,1,0,,,,,0,8
Bachelor,3,Amy ,0,0,2,0,,,,,0,0
Bachelor,3,Christina ,0,0,2,0,,,,,0,1
Bachelor,3,Elizabeth ,0,0,2,0,,,,,0,2
Bachelor,3,Kerri ,0,0,2,0,,,,,0,3
Bachelor,3,Shannon ,0,0,2,0,,,,,0,4
Bachelor,3,Amber ,0,0,3,0,,,,,0,0
Bachelor,3,Heather ,0,0,3,0,,,,,0,1
Bachelor,3,Rachel ,0,0,3,0,,,,,0,2
Bachelor,3,Tina ,0,0,3,0,,,,,0,3
Bachelor,3,Ann Michelle,0,0,4,0,,,,,0,0
Bachelor,3,Audree ,0,0,4,0,,,,,0,1
Bachelor,3,Liz ,0,0,4,0,,,,,0,2
Bachelor,3,Cristina ,0,0,5,0,,,,,0,0
Bachelor,3,Tina ,0,0,6,0,,,,,0,0
Bachelor,3,Kirsten ,0,1,7,0,,,,,0,0
Bachelor,3,Jen ,1,0,N/A,0,Publicist,,,,0,0
Bachelor,4,Darla ,0,0,1,0,,,,,0,0
Bachelor,4,Heather ,0,0,1,0,,,,,0,1
Bachelor,4,Julie ,0,0,1,0,,,,,0,2
Bachelor,4,Kristi ,0,0,1,0,,,,,0,3
Bachelor,4,Lauren ,0,0,1,0,,,,,0,4
Bachelor,4,Leona ,0,0,1,0,,,,,0,5
Bachelor,4,Samentha ,0,0,1,0,,,,,0,6
Bachelor,4,Shea ,0,0,1,0,,,,,0,7
Bachelor,4,Shelly ,0,0,1,0,,,,,0,8
Bachelor,4,Stacey ,0,0,1,0,,,,,0,9
Bachelor,4,Christine ,0,0,2,0,,,,,0,0
Bachelor,4,Jenn ,0,0,2,0,,,,,0,1
Bachelor,4,Lanah ,0,0,2,0,,,,,0,2
Bachelor,4,Lindsay ,0,0,2,0,,,,,0,3
Bachelor,4,Antoinette ,0,0,3,0,,,,,0,0
Bachelor,4,Jenny ,0,0,3,0,,,,,0,1
Bachelor,4,Karin ,0,0,3,0,,,,,0,2
Bachelor,4,Misty ,0,0,3,0,,,,,0,3
Bachelor,4,Brooke ,0,0,4,0,,,,,0,0
Bachelor,4,Lee-Ann ,0,0,4,0,,,,,0,1
Bachelor,4,Meredith ,0,0,5,0,,,,,0,0
Bachelor,4,Kelly-Jo ,0,0,7,0,,,,,0,0
Bachelor,4,Mary ,0,1,8,0,,,,,0,0
Bachelor,4,Estella ,1,0,N/A,0,,,,,0,0
Bachelor,5,Debbie M,0,0,1,0,Massage therapist/bartender,"Pinetops, North Carolina",27,,0,0
Bachelor,5,Deshaun W,0,0,1,0,Account manager/sales,"Phillipsburg, New Jersey",25,,0,1
Bachelor,5,Dolores F,0,0,1,0,Account manager,"Madison, New Jersey",26,,0,2
Bachelor,5,Francine J,0,0,1,0,Retail manager,"Houston, Texas",25,,0,3
Bachelor,5,Holly R,0,0,1,0,Bank representative,"Tulsa, Oklahoma",26,,0,4
Bachelor,5,Jenny M,0,0,1,0,Retail manager,"Canton, Michigan",24,,0,5
Bachelor,5,Jessica H,0,0,1,0,Attorney,"Pearsall, Texas",25,,0,6
Bachelor,5,Jessica K,0,0,1,0,Student,"Cincinnati, Ohio",21,,0,7
Bachelor,5,Julie D,0,0,1,0,Professional Cheerleader,"Sacramento, California",24,,0,8
Bachelor,5,Kristin C,0,0,1,0,Singer,"Sausalito, California",25,,0,9
Bachelor,5,Rachel C,0,0,1,0,Fashion public relations manager,"Buffalo, New York",26,,0,10
Bachelor,5,Amber L,0,0,2,0,Consultant,"Sunriver, Oregon",27,,0,0
Bachelor,5,Annecatherine L,0,0,2,0,Model/make-up artist,"Quebec City, Quebec",27,,0,1
Bachelor,5,Celeste C,0,0,2,0,Model/executive assistant,"Ithaca, New York",24,,0,2
Bachelor,5,Jeanmarie C,0,0,2,0,Hair stylist,"Gibson, North Carolina",26,,0,3
Bachelor,5,Kristy R,0,0,2,0,Student,"Dearborn, Michigan",25,,0,4
Bachelor,5,Mandy C,0,0,2,0,Professional soccer player,"San Diego, California",25,,0,5
Bachelor,5,Jenny S,0,0,3,0,Swim instructor/nanny/personal trainer,"Carrboro, North Carolina",26,,0,0
Bachelor,5,Katie G,0,0,3,0,LASIK Eye and Skin Center manager,"Scottsdale, Arizona",22,,0,1
Bachelor,5,Karen L,0,0,4,0,Pharmaceutical sales,"Pleasant Grove, Utah",28,,0,0
Bachelor,5,Suzie W,0,0,4,0,Prosthetic technician,"Ann Arbor, Michigan",23,,0,1
Bachelor,5,Trish S,0,0,5,0,Model,"Atlanta, Georgia",28,,0,0
Bachelor,5,Mandy J,0,0,6,0,Designer for an architect firm,"Midland, Texas",26,,0,0
Bachelor,5,Tara H,0,1,7,0,General contractor,"Shawnee, Oklahoma",23,,0,0
Bachelor,5,Jessica B,1,0,N/A,0,Student,"Huntington Beach, California",22,,0,0
Bachelor,6,Abby ,0,0,1,0,,,,,0,0
Bachelor,6,Alma ,0,0,1,0,,,,,0,1
Bachelor,6,Amy ,0,0,1,0,,,,,0,2
Bachelor,6,Carolyn ,0,0,1,0,,,,,0,3
Bachelor,6,Heather ,0,0,1,0,,,,,0,4
Bachelor,6,Kristin ,0,0,1,0,,,,,0,5
Bachelor,6,Lisa ,0,0,1,0,,,,,0,6
Bachelor,6,Melinda ,0,0,1,0,,,,,0,7
Bachelor,6,Nicole ,0,0,1,0,,,,,0,8
Bachelor,6,Ashley ,0,0,2,0,,,,,0,0
Bachelor,6,Elizabeth ,0,0,2,0,,,,,0,1
Bachelor,6,Kelley ,0,0,2,0,,,,,0,2
Bachelor,6,Kerry ,0,0,2,0,,,,,0,3
Bachelor,6,Leina ,0,0,2,0,,,,,0,4
Bachelor,6,Natalie ,0,0,2,0,,,,,0,5
Bachelor,6,Wende ,0,0,2,0,,,,,0,6
Bachelor,6,Amanda ,0,0,3,0,,,,,0,0
Bachelor,6,Jennifer ,0,0,3,0,,,,,0,1
Bachelor,6,Kristie ,0,0,3,0,,,,,0,2
Bachelor,6,Susie ,0,0,3,0,,,,,0,3
Bachelor,6,Krysta ,0,0,4,0,,,,,0,0
Bachelor,6,Andrea ,0,0,5,0,,,,,0,0
Bachelor,6,Jayne ,0,0,5,0,,,,,0,1
Bachelor,6,Cheresse ,0,0,6,0,,,,,0,0
Bachelor,6,Cynthia ,0,0,7,0,,,,,0,0
Bachelor,6,Tanya ,0,1,8,0,,,,,0,0
Bachelor,6,Mary ,1,0,N/A,0,,,,,0,0
Bachelor,7,Brenda ,0,0,1,0,,,,,0,0
Bachelor,7,Danushka ,0,0,1,0,,,,,0,1
Bachelor,7,Debby ,0,0,1,0,,,,,0,2
Bachelor,7,Emilie ,0,0,1,0,,,,,0,3
Bachelor,7,Geitan ,0,0,1,0,,,,,0,4
Bachelor,7,Heather ,0,0,1,0,,,,,0,5
Bachelor,7,Katie ,0,0,1,0,,,,,0,6
Bachelor,7,Kristina ,0,0,1,0,,,,,0,7
Bachelor,7,Kristine ,0,0,1,0,,,,,0,8
Bachelor,7,Kyshawn ,0,0,1,0,,,,,0,9
Bachelor,7,Siomara ,0,0,1,0,,,,,0,10
Bachelor,7,Valerie ,0,0,1,0,,,,,0,11
Bachelor,7,Carrie ,0,0,2,0,,,,,0,0
Bachelor,7,Gina Marie ,0,0,2,0,,,,,0,1
Bachelor,7,Kerry ,0,0,2,0,,,,,0,2
Bachelor,7,Kristen ,0,0,2,0,,,,,0,3
Bachelor,7,Megan ,0,0,2,0,,,,,0,4
Bachelor,7,Jenny ,0,0,3,0,,,,,1,0
Bachelor,7,Kara ,0,0,3,0,,,,,1,1
Bachelor,7,Anitra ,0,0,4,0,,,,,1,0
Bachelor,7,Kindle ,0,0,4,0,,,,,1,1
Bachelor,7,Kimberly ,0,0,5,0,,,,,3,0
Bachelor,7,Sarah W ,0,0,6,0,,,,,2,0
Bachelor,7,Krisily ,0,1,7,0,,,,,2,0
Bachelor,7,Sarah B,1,0,N/A,0,Nurse,,,,5,0
Bachelor,8,Ali D,0,0,1,0,,,,,0,0
Bachelor,8,Allie G,0,0,1,0,,,,,0,1
Bachelor,8,April ,0,0,1,0,,,,,0,2
Bachelor,8,Cortney ,0,0,1,0,,,,,0,3
Bachelor,8,Jaime ,0,0,1,0,,,,,0,4
Bachelor,8,Kathy ,0,0,1,0,,,,,0,5
Bachelor,8,Kyle ,0,0,1,0,,,,,0,6
Bachelor,8,Lisa ,0,0,1,0,,,,,0,7
Bachelor,8,Liza ,0,0,1,0,,,,,0,8
Bachelor,8,Princess ,0,0,1,0,,,,,0,9
Bachelor,8,Sara H,0,0,1,0,,,,,0,10
Bachelor,8,Stephanie ,0,0,1,0,,,,,0,11
Bachelor,8,Venus ,0,0,1,0,,,,,0,12
Bachelor,8,Cole ,0,0,2,0,,,,,0,0
Bachelor,8,Elizabeth ,0,0,2,0,,,,,0,1
Bachelor,8,Kristen ,0,0,2,0,,,,,0,2
Bachelor,8,Yvonne ,0,0,2,0,,,,,0,3
Bachelor,8,Jennifer ,0,0,3,0,,,,,0,0
Bachelor,8,Shiloh ,0,0,3,0,,,,,0,1
Bachelor,8,Jehan ,0,0,4,0,,,,,1,0
Bachelor,8,Tara ,0,0,4,0,,,,,1,1
Bachelor,8,Sarah B,0,0,5,0,Kindergarten Teacher,,,,1,0
Bachelor,8,Susan ,0,0,6,0,,,,,2,0
Bachelor,8,Moana ,0,1,7,0,,,,,3,0
Bachelor,8,Sarah S,1,0,N/A,0,Journalist,"Nelson, British Columbia",30,,4,0
Bachelor,9,Andrea S,0,0,1,0,Hotel concierge,"Cincinnati, Ohio",28,,0,0
Bachelor,9,April J,0,0,1,0,Model,"Chicago, Illinois",23,,0,1
Bachelor,9,Bowe N,0,0,1,0,Beer chemist,"Columbus, Ohio",28,,0,2
Bachelor,9,Carissa I,0,0,1,0,Attorney,"Cattaraugus, New York",25,,0,3
Bachelor,9,Claudia G,0,0,1,0,Restaurateur,"Boca Raton, Florida",22,,0,4
Bachelor,9,Cosetta B,0,0,1,0,Dancer,Italy,0,,0,5
Bachelor,9,Elyse H,0,0,1,0,Physician,"New York, New York",27,,0,6
Bachelor,9,Heather S,0,0,1,0,Registered nurse,"Aliquippa, Pennsylvania",34,,0,7
Bachelor,9,Jessica H,0,0,1,0,Attorney,"Pearsall, Texas",25,,0,8
Bachelor,9,Laura M,0,0,1,0,Dolphin trainer,"San Diego, California",29,,0,9
Bachelor,9,Meri B,0,0,1,0,Attorney,"Biloxi, Mississippi",27,,0,10
Bachelor,9,Renee S,0,0,1,0,Broadcast marketer,"Baltimore, Maryland",30,,0,11
Bachelor,9,Rita G,0,0,1,0,Policy advisor,"Richmond, Virginia",29,,0,12
Bachelor,9,Rosella F,0,0,1,0,Make-up artist,"Chicago, Illinois",27,,0,13
Bachelor,9,Tara D,0,0,1,0,Realtor,"St. Augustine, Florida",24,,0,14
Bachelor,9,Ellen D,0,0,2,0,Realtor,"New Haven, Connecticut",30,,0,0
Bachelor,9,Kim J,0,0,2,0,Interior designer,"Newport Beach, California",27,,0,1
Bachelor,9,Sarah S,0,0,2,0,Journalist,"Nelson, British Columbia",30,,0,2
Bachelor,9,Erica R,0,0,3,0,Socialite,"Houston, Texas",23,,0,0
Bachelor,9,Gina C,0,0,3,0,Ultrasound technician,"Chicago, Illinois",28,,0,1
Bachelor,9,Jami M,0,0,3,0,Event planner,"Galveston, Texas",27,,0,2
Bachelor,9,Desiree V,0,0,4,0,Realtor,"Salt Lake City, Utah",22,,0,0
Bachelor,9,Jeanette P,0,0,4,0,Teacher,"Bloomingdale, Illinois",23,,1,1
Bachelor,9,Agnese P,0,0,5,0,Student,"Venice, Italy",24,,1,0
Bachelor,9,Lisa B,0,0,6,1,Marketing manager,"Portland, Oregon",25,,3,0
Bachelor,9,Sadie M,0,1,7,0,Publicist,"Carlsbad, California",23,,4,0
Bachelor,9,Jennifer W,1,0,N/A,0,Teacher,"Pembroke Pines, Florida",24,,5,0
Bachelor,10,Blakeney R,0,0,1,0,Radio sales,"Birmingham, Alabama",29,,0,0
Bachelor,10,Candice D,0,0,1,0,Waitress,"Hilton Head Island, South Carolina",23,,0,1
Bachelor,10,Catherine W,0,0,1,0,Former Miss Illinois,"Lake Forest, Illinois",23,,0,2
Bachelor,10,Danielle V,0,0,1,0,Attorney,"Bronx, New York",26,,0,3
Bachelor,10,Jackie T,0,0,1,0,Executive coordinator,"Minneapolis, Minnesota",23,,0,4
Bachelor,10,Jeanette A,0,0,1,0,Health care manager,"Tampa, Florida",27,,0,5
Bachelor,10,Jessica D,0,0,1,0,Hedge fund analyst,"New York, New York",32,,0,6
Bachelor,10,Linda M,0,0,1,0,Attorney,"Cuyahoga Falls, Ohio",33,,0,7
Bachelor,10,Lindsay S,0,0,1,0,Student,"Lawrence, Kansas",22,,0,8
Bachelor,10,Tiffany F,0,0,1,0,Real estate sales/development,"St. Louis Park, Minnesota",27,,0,9
Bachelor,10,Alexis Y,0,0,2,0,Attorney,"Southlake, Texas",26,,0,0
Bachelor,10,Susan A,0,0,2,0,Boutique manager,"The Woodlands, Texas",23,,0,1
Bachelor,10,Tiffany W,0,0,2,0,Medical equipment sales rep,"Boston, Massachusetts",28,,0,2
Bachelor,10,Amanda H,0,0,3,0,Financial analyst,"Dallas, Texas",26,,0,0
Bachelor,10,Erin P,0,0,3,0,Financial analyst,"Logansport, Louisiana",24,,0,1
Bachelor,10,Peyton W,0,0,3,0,Sorority recruiter,"La Vergne, Tennessee",24,,0,2
Bachelor,10,Kate B,0,0,4,0,Boutique owner,"Ravenel, South Carolina",24,,0,0
Bachelor,10,Nicole C,0,0,4,0,Sales Manager,"Charleston, SC",26,,0,1
Bachelor,10,Stephanie T,0,0,4,1,Organ donor coordinator,"Folly Beach, South Carolina",27,,2,2
Bachelor,10,Stephanie W,0,0,5,0,Project Manager,"Overland Park, Kansas",23,,0,0
Bachelor,10,Tina W,0,0,5,0,Medical student,"Los Angeles, California",26,,0,1
Bachelor,10,Amber A,0,0,6,0,Teacher,"Sugar Land, Texas",23,,1,0
Bachelor,10,Danielle I,0,0,7,0,Graphic Designer,"Bethel, Connecticut",25,,1,0
Bachelor,10,Bevin P,0,1,8,0,Assistant,"Palo Alto, California",28,,2,0
Bachelor,10,Tessa H,1,0,N/A,0,Social Worker,"San Francisco, California",26,,5,0
Bachelor,11,Jessica K,0,0,1,0,Student,"Cincinnati, Ohio",21,,0,0
Bachelor,11,Juli G,0,0,1,0,Law student,"Chicago, Illinois",24,,0,1
Bachelor,11,Kim O,0,0,1,0,Realtor,"Woodbridge, Connecticut",31,,0,2
Bachelor,11,Lori L,0,0,1,0,Biology teacher,"Annapolis, Maryland",33,,0,3
Bachelor,11,Melissa B,0,0,1,0,Event planner,"Westchester, New York",28,,0,4
Bachelor,11,Morgan B,0,0,1,0,Graduate student,"Tempe, Arizona",24,,0,5
Bachelor,11,Natalie V,0,0,1,0,Law student,"Duncanville, Texas",25,,0,6
Bachelor,11,Regina D,0,0,1,0,Account representative,"San Diego, California",31,,0,7
Bachelor,11,Susan S,0,0,1,0,Project analyst,"St. Charles, Illinois",35,,0,8
Bachelor,11,Tauni N,0,0,1,0,Emergency room nurse,"St. Louis Park, Minnesota",31,,0,9
Bachelor,11,Erin G,0,0,2,0,Publishing sales executive,"Tampa, Florida",25,,0,0
Bachelor,11,Mallory S,0,0,2,0,Nanny,"Honolulu, Hawaii",24,,0,1
Bachelor,11,Michele L,0,0,2,0,Realtor,"South Brunswick, New Jersey",30,,0,2
Bachelor,11,Kristy K,0,0,3,0,Acupuncturist,"Gurnee, Illinois",29,,1,0
Bachelor,11,Lindsey H,0,0,3,0,Model,"Livonia, Michigan",25,,0,1
Bachelor,11,Sarah N,0,0,3,0,Bar manager,"O'Fallon, Illinois",23,,1,2
Bachelor,11,Solisa S,0,0,3,0,Esthetician,"Georgetown, Texas",25,,0,3
Bachelor,11,Jade B,0,0,4,0,Boutique sales worker,"Nashville, Tennessee",24,,0,0
Bachelor,11,Mccarten D,0,0,4,0,Account manager,"Lemon Grove, California",26,,0,1
Bachelor,11,Stephy K,0,0,4,0,Executive assistant,"Atlanta, Georgia",26,,1,2
Bachelor,11,Hilary R,0,0,5,0,Registered nurse,"Philadelphia, Pennsylvania",27,,1,0
Bachelor,11,Sheena S,0,0,6,0,Internet marketing executive,"Walnut Creek, California",23,,1,0
Bachelor,11,Bettina B,0,0,7,0,Realtor,"Washington, D.C.",27,,3,0
Bachelor,11,Deanna P,0,1,8,0,Realtor,"Newnan, Georgia",25,,4,0
Bachelor,11,Jenni C,0,1,8,1,Phoenix Suns¬†Cheerleader,"Wichita, Kansas",27,,4,1
Bachelor,12,Alyssa G,0,0,1,0,Biology student,"Boise, Idaho",24,,0,0
Bachelor,12,Amanda P,0,0,1,0,Law student,"LaFollette, Tennessee",26,,0,1
Bachelor,12,Denise H,0,0,1,0,Attorney and former¬†White House¬†aide,"Washington, D.C",30,,0,2
Bachelor,12,Devon A,0,0,1,0,Makeup artist,"Austin, Texas",24,,0,3
Bachelor,12,Kelly D,0,0,1,0,Medical sales rep.,"Hollywood, California",25,,0,4
Bachelor,12,Lesley G,0,0,1,0,Youth minister,"Tampa, Florida",23,,0,5
Bachelor,12,Michele R,0,0,1,0,Interior designer,"Laguna Niguel, California",33,,0,6
Bachelor,12,Rebecca L,0,0,1,0,Attorney,"Alamo, California",30,,0,7
Bachelor,12,Stacey E,0,0,1,0,Graduate student,"Chicago, Illinois",26,,0,8
Bachelor,12,Tamara S,0,0,1,0,Cocktail waitress,"Beverly Hills, California",23,,0,9
Bachelor,12,Tiffany T,0,0,1,0,Real estate marketing rep.,"San Francisco, California",33,,0,10
Bachelor,12,Carri P,0,0,2,0,Church marketing rep.,"Oklahoma City, Oklahoma",25,,0,0
Bachelor,12,Erin H,0,0,2,0,Event planner,"Seattle, Washington",25,,0,1
Bachelor,12,Michelle P,0,0,2,0,Administrative assistant,"Syracuse, New York",28,,0,2
Bachelor,12,Amy R,0,0,3,0,Nanny,"Stockton, California",22,,0,0
Bachelor,12,Erin S,0,0,3,0,Hot-dog vendor,"Venice, California",33,,0,1
Bachelor,12,Kristine H,0,0,3,0,Personal trainer,"Dillsburg, Pennsylvania",33,,0,2
Bachelor,12,Ashlee W,0,0,4,0,Singer-songwriter,"Jacksonville Beach, Florida",22,,1,0
Bachelor,12,Holly D,0,0,4,0,Children's book author,"Suffield, Ohio",24,,1,1
Bachelor,12,Robin C,0,0,4,0,Advertising coordinator,"Holland, Michigan",22,,1,2
Bachelor,12,Marshana R,0,0,5,0,Fashion designer,"Brooklyn, New York",27,,1,0
Bachelor,12,Noelle D,0,0,6,0,Photographer,"Loveland, Colorado",26,,1,0
Bachelor,12,Amanda R,0,0,7,1,Account Executive,"Niceville, Florida",27,,3,0
Bachelor,12,Chelsea W,0,1,8,0,Pharmaceutical sales rep.,"Durango, Colorado",25,,5,0
Bachelor,12,Shayne L,1,0,N/A,0,Actress,"Malibu, California",22,,4,0
Bachelor,13,Ann L,0,0,1,0,Flight Attendant,"Phoenix, Arizona",24,,0,0
Bachelor,13,Dominique C,0,0,1,0,Medical Sales Rep.,"Mt. Carmel, Pennsylvania",26,,0,1
Bachelor,13,Emily H,0,0,1,0,Casino Marketing Rep.,"Seattle, Washington",23,,0,2
Bachelor,13,Jackie H,0,0,1,0,Wedding Coordinator,"Springfield, Massachusetts",26,,0,3
Bachelor,13,Julie D,0,0,1,0,Professional Cheerleader,"Sacramento, California",24,,0,4
Bachelor,13,Nicole M,0,0,1,0,Menswear Buyer,"Calgary, Alberta",25,,0,5
Bachelor,13,Renee S,0,0,1,0,Broadcast marketer,"Baltimore, Maryland",30,,0,6
Bachelor,13,Shelby G,0,0,1,0,Account Executive,"Stockton, California",23,,0,7
Bachelor,13,Stacia M,0,0,1,0,Single Mother & Charity Accountant,"Orem, Utah",24,,0,8
Bachelor,13,Treasure M,0,0,1,0,Single Mother and Nurse Practitioner,"Salt Lake City, Utah",28,,0,9
Bachelor,13,Lisa G,0,0,2,0,Public Relations Associate,"Boise, Idaho",28,,0,0
Bachelor,13,Raquel M,0,0,2,0,Medical Student,"Recife, Pernambuco, Brazil",27,,0,1
Bachelor,13,Sharon S,0,0,2,0,Teacher,"Batavia, New York",32,,0,2
Bachelor,13,Erica D,0,0,3,0,Account Executive,"Monroe, Connecticut",25,,0,0
Bachelor,13,Kari F,0,0,3,0,Account Executive,"Lee's Summit, Missouri",27,,0,1
Bachelor,13,Natalie G,0,0,3,0,Human Resources Recruiter,"Morton, Illinois",27,,0,2
Bachelor,13,Lauren W,0,0,4,0,Teacher,"Marlboro, New Jersey",27,,0,0
Bachelor,13,Megan P,0,0,4,0,Single Mother and Lacrosse Coach,"Sewickley,Pennsylvania",25,,0,1
Bachelor,13,Nikki K,0,0,4,1,Administrative Assistant,"Blue Island, Illinois",29,,1,2
Bachelor,13,Shannon B,0,0,4,0,Dental Hygienist,"Marshall, Missouri",29,,0,3
Bachelor,13,Stephanie H,0,0,5,0,Single Mother & Medical Marketing Rep.,"Huntsville, Alabama",34,,2,0
Bachelor,13,Naomi C,0,0,6,0,Flight Attendant,"Carlsbad, California",24,,2,0
Bachelor,13,Jillian H,0,0,7,0,Interior Designer,"Peace River, Alberta",29,,2,0
Bachelor,13,Molly M,0,1,8,0,Department Store Buyer,"Brookfield, Wisconsin",24,,2,0
Bachelor,13,Melissa R,1,0,N/A,0,Sales Representative,"Dallas, Texas",25,,5,0
Bachelor,14,Caitlyn M,0,0,1,0,Spokesmodel,"Winfield, Illinois",24,,0,0
Bachelor,14,Channy C,0,0,1,0,Mortgage Loan Officer,"Santa Rosa, California",29,,0,1
Bachelor,14,Elizabeth K,0,0,1,0,"Captain, Air National Guard","Union, Kentucky",29,,0,2
Bachelor,14,Emily H,0,0,1,0,Casino Marketing Rep.,"Seattle, Washington",23,,0,3
Bachelor,14,Kimberly S,0,0,1,0,NBA Dancer,"Norman, Oklahoma",24,,0,4
Bachelor,14,Kirsten P,0,0,1,0,Waitress,"Aurora, Colorado",25,,0,5
Bachelor,14,Lex M,0,0,1,0,Entrepreneur,"Galloway, Ohio",25,,0,6
Bachelor,14,Sheila L,0,0,1,0,Commercial Pilot,"Scottsdale, Arizona",25,,0,7
Bachelor,14,Stephanie M,0,0,1,0,Dance Teacher,"Morris, Illinois",24,,0,8
Bachelor,14,Tiana K,0,0,1,0,Medical Technician,"Calgary, Alberta",31,,0,9
Bachelor,14,Ashley E,0,0,2,0,Teacher,"Pittsburgh, Pennsylvania",29,,0,0
Bachelor,14,Cristina M,0,0,2,0,Restaurant Manager,"San Diego, California",25,,0,1
Bachelor,14,Rozlyn P,0,0,2,0,Model/Make-Up Artist,"Richmond, Virginia",28,,0,2
Bachelor,14,Elizabeth K,0,0,3,0,Nanny,"Imperial, Nebraska",29,,1,0
Bachelor,14,Michelle K ,0,0,3,0,,,,,0,1
Bachelor,14,Valishia S,0,0,3,0,Homemaker,"San Bernardino, California",32,,0,2
Bachelor,14,Ashleigh H,0,0,4,0,Account Manager,"North Potomac, Maryland",25,,0,0
Bachelor,14,Ella N,0,0,4,0,Hair Stylist,"La Follette, Tennessee",30,,1,1
Bachelor,14,Jessie S,0,0,4,0,Cosmetic Sales Manager,"Oakville, Ontario",25,,0,2
Bachelor,14,Kathryn S,0,0,4,0,Corporate Flight Attendant,"Lexington, Kentucky",25,,0,3
Bachelor,14,Corrie A,0,0,5,0,Wardrobe Consultant,"Kissimmee, Florida",23,,0,0
Bachelor,14,Ali F,0,0,6,0,Advertising Account Manager,"Williamstown, Massachusetts",25,,2,0
Bachelor,14,Gia A,0,0,7,0,Swimsuit Model,"New York, New York",26,,2,0
Bachelor,14,Tenley M,0,1,8,1,College Admissions,"Newberg, Oregon",25,,5,0
Bachelor,14,Vienna G,1,0,N/A,0,Marketing Representative,"Geneva, Florida",23,,4,0
Bachelor,15,Britnee ,0,0,1,0,Paralegal,"Holland, Pennsylvania",25,,0,0
Bachelor,15,Cristy C,0,0,1,0,Attorney,"Davie, Florida",30,,0,1
Bachelor,15,Jessica A,0,0,1,0,Operations Manager,"Seattle, Washington",26,,0,2
Bachelor,15,Kill R,0,0,1,0,Sales director,"Frisco, Texas",28,,0,3
Bachelor,15,Lacey G,0,0,1,0,Insurance agent,"Tampa, Florida",27,,0,4
Bachelor,15,Lauren M,0,0,1,0,High School Teacher,"Culpeper, Virginia",26,,0,5
Bachelor,15,Lisa P,0,0,1,0,Sales Consultant,"Dix Hills, New York",27,,0,6
Bachelor,15,Rebecca ,0,0,1,0,Esthetician,"Mission Viejo, California",30,,0,7
Bachelor,15,Renee H,0,0,1,0,Nanny,"Palos Hills, Illinois",28,,0,8
Bachelor,15,Sarah L,0,0,1,0,Musical Theatre Performer,"Saginaw, Michigan",25,,0,9
Bachelor,15,Keltie C,0,0,2,0,Radio City Rockette,"Sherwood Park, Alberta",28,,0,0
Bachelor,15,Melissa S,0,0,2,0,Waitress,"Westport, Connecticut",32,,0,1
Bachelor,15,Raichhel G,0,0,2,0,Manscaper,"Fullerton, California",29,,0,2
Bachelor,15,Kimberly C,0,0,3,0,Marketing Coordinator,"Orlando, Florida",27,,0,0
Bachelor,15,Madison G,0,0,3,0,Model,"Vail, Colorado",25,,0,1
Bachelor,15,Sarah P,0,0,3,0,Real Estate Broker,"Denver, Colorado",27,,0,2
Bachelor,15,Ashley S,0,0,4,0,Nanny,"Ellerbe, North Carolina",26,,2,0
Bachelor,15,Lindsay H,0,0,4,0,First grade teacher,"Plano, Texas",25,,0,1
Bachelor,15,Meghan M,0,0,4,0,Fashion Marketer,"Princeton, New Jersey",30,,0,2
Bachelor,15,Stacey Q,0,0,4,0,Bartender,"Quincy, Massachusetts",26,,0,3
Bachelor,15,Lisa M,0,0,5,0,Marketing Coordinator,"Ottawa, Kansas",24,,0,0
Bachelor,15,Marissa M,0,0,5,0,Sports Publicist,"Mesa, Arizona",26,,0,1
Bachelor,15,Alli T,0,0,6,0,Apparel merchant,"Columbus, Ohio",24,,0,0
Bachelor,15,Jackie G,0,0,6,0,Artist,"Newport, Rhode Island",26,,1,1
Bachelor,15,Britt B,0,0,7,0,Food writer,"Woodinville, Washington",25,,1,0
Bachelor,15,Michelle M,0,0,7,0,Hair stylist,"Salt Lake City, Utah",30,,2,1
Bachelor,15,Shawntel N,0,0,8,0,Funeral Director,"Chico, California",25,,3,0
Bachelor,15,Ashleu H,0,0,9,0,Dental Student,"Madawaska, Maine",26,,3,0
Bachelor,15,Chantal O,0,1,10,0,Executive Assistant,"Mercer Island, Washington",28,,2,0
Bachelor,15,Emily M,1,0,N/A,0,Children's Hospital Event Planner,"Morgantown, West Virginia",25,,7,0
Bachelor,16,Amber B,0,0,1,0,Labor and delivery nurse,"Port Coquitlam, British Columbia",23,,0,0
Bachelor,16,Amber T,0,0,1,0,Critical care nurse,"Waverly, Nebraska",28,,0,1
Bachelor,16,Anna S,0,0,1,0,Student,"Detroit, Michigan",25,,0,2
Bachelor,16,Dianna M,0,0,1,0,Nonprofit director,"San Gabriel, California",30,,0,3
Bachelor,16,Holly J,0,0,1,0,Pharmaceutical sales representative,"Salyersville, Kentucky",34,,0,4
Bachelor,16,Lyndsie J,0,0,1,0,Internet entrepreneur,"London, England",29,,0,5
Bachelor,16,Shira A,0,0,1,0,Actress,"Massapequa Park, New York",35,,0,6
Bachelor,16,Jenna B,0,0,2,0,Blogger,"Loveland, Ohio",27,,0,0
Bachelor,16,Shawn R,0,0,2,0,Financial advisor,"Cincinnati, Ohio",28,,0,1
Bachelor,16,Brittney S,0,0,3,0,Medical sales representative,"Colorado Springs, Colorado",26,,0,0
Bachelor,16,Erika U,0,0,3,0,Law student,"Charlottesville, Virginia",23,,0,1
Bachelor,16,Jaclyn S,0,0,3,0,Advertising account manager,"Newton, Massachusetts",27,,0,2
Bachelor,16,Kacie B,0,0,3,0,Administrative assistant,"Clarksville, Tennessee",24,,4,3
Bachelor,16,Monica S,0,0,4,0,Dental consultant,"Yuba, California",33,,0,0
Bachelor,16,Rachel T,0,0,4,0,Fashion sales representative,"Southampton, Massachusetts",27,,3,1
Bachelor,16,Samantha L,0,0,4,0,Advertising account manager,"Pittsburgh, Pennsylvania",26,,0,2
Bachelor,16,Elyse M,0,0,5,0,Personal trainer,"Chicago, Illinois",24,,0,0
Bachelor,16,Jennifer F,0,0,5,0,Accountant,"Cache, Oklahoma",28,,1,1
Bachelor,16,Blakeley J,0,0,6,0,VIP cocktail waitress,"Rutherfordton, North Carolina",33,,1,0
Bachelor,16,Casey S,0,0,6,0,Trading clerk,"Leawood, Kansas",26,,0,1
Bachelor,16,Jamie O,0,0,6,0,Registered nurse,"Dryden, New York",25,,0,2
Bachelor,16,Emily O,0,0,7,0,PhD Student,"Chapel Hill, North Carolina",27,,1,0
Bachelor,16,Nicki S,0,0,9,0,Dental hygienist,"Hurst, Texas",26,,2,0
Bachelor,16,Lindzi C,0,1,10,1,Business development manager,"Newcastle, Washington",27,,6,0
Bachelor,16,Courtney R,1,0,N/A,0,Model,"Scottsdale, Arizona",28,,6,0
Bachelor,17,Ashley H,0,0,1,0,Fashion Model,"Garner, North Carolina",25,,0,0
Bachelor,17,Ashley P,0,0,1,0,Hair Stylist,"Macomb, Michigan",28,,0,1
Bachelor,17,Kelly D,0,0,1,0,Medical sales rep.,"Hollywood, California",25,,0,2
Bachelor,17,Keriann M,0,0,1,0,Entrepreneur,"Agoura Hills, California",29,,0,3
Bachelor,17,Lacey L,0,0,1,0,Graduate Student,"Stevenson Ranch, California",24,,0,4
Bachelor,17,Lauren M,0,0,1,0,High School Teacher,"Culpeper, Virginia",26,,0,5
Bachelor,17,Paige V,0,0,1,0,Jumbotron Operator,"Minnetonka, Minnesota",25,,0,6
Bachelor,17,Brooke B,0,0,2,0,Community Organizer,"Pittsburgh, Pennsylvania",25,,0,0
Bachelor,17,Diana W,0,0,2,0,Salon Owner,"Sandy, Utah",31,,0,1
Bachelor,17,Latie L,0,0,2,0,Yoga Instructor,"Woodstock, Illinois",27,,0,2
Bachelor,17,Kacie B,0,0,3,0,Administrative assistant,"Clarksville, Tennessee",24,,1,0
Bachelor,17,Kristy K,0,0,3,0,Acupuncturist,"Gurnee, Illinois",29,,0,1
Bachelor,17,Taryn D,0,0,3,0,Health Club Manager,"Troutdale, Oregon",30,,0,2
Bachelor,17,Amanda M,0,0,4,0,Event Planner,"Chanute, Kansas",23,,0,0
Bachelor,17,Leslie H,0,0,4,0,Poker Dealer,"Ruskin, Florida",28,,0,1
Bachelor,17,Jackie P,0,0,5,0,Cosmetics Consultant,"Ormond Beach, Florida",25,,0,0
Bachelor,17,Robyn H,0,0,5,0,Oil Field Account Manager,"Topeka, Kansas",24,,0,1
Bachelor,17,Daniella M,0,0,6,0,Commercial Casting Associate,"Belmont, California",24,,1,0
Bachelor,17,Sarah H,0,0,6,0,Advertising Executive,"Evergreen, Colorado",26,,1,1
Bachelor,17,Slema A,0,0,6,0,Real Estate Dealer,"Borrego Springs, California",29,,1,2
Bachelor,17,Lesley M,0,0,7,0,Political Consultant,"Fort Smith, Arkansas",24,,2,0
Bachelor,17,Tierra L,0,0,7,0,Leasing Consultant,"Las Vegas, Nevada",24,,2,1
Bachelor,17,Desiree H,0,0,8,0,Bridal Stylist,"Northglenn, Colorado",26,,2,0
Bachelor,17,Ashlee F,0,0,9,0,Personal Organizer,"Houston, Texas",32,,3,0
Bachelor,17,Lindsay Y,0,1,10,0,Substitute Teacher,"Fort Bragg, North Carolina",24,,5,0
Bachelor,17,Catherine G,1,0,N/A,1,Graphic Designer,"Seattle, Washington",26,,5,0
Bachelor,18,Alexis M,0,0,1,0,Communications Director/NHL¬†Ice Girl,"Tampa, Florida",24,,0,0
Bachelor,18,Amy J,0,0,1,0,Massage Therapist,"Apopka, Florida",31,,0,1
Bachelor,18,Ashley P,0,0,1,0,Hair Stylist,"Macomb, Michigan",28,,0,2
Bachelor,18,Christine L,0,0,1,0,Police Support Specialist,"Miami, Florida",23,,0,3
Bachelor,18,Kylie L,0,0,1,0,Interior Designer,"Rockford, Illinois",23,,0,4
Bachelor,18,Lacy F,0,0,1,0,Nursing Home Owner,"Antelope Acres, California",25,,0,5
Bachelor,18,Lauren H,0,0,1,0,Mineral Coordinator,"Edmond, Oklahoma",25,,0,6
Bachelor,18,Maggie G,0,0,1,0,Personal Banker,"Wagener, South Carolina",25,,0,7
Bachelor,18,Valerie E,0,0,1,0,Personal Trainer,"Sutter, California",26,,0,8
Bachelor,18,Amy L,0,0,2,0,Local News Reporter,"Clermont, Florida",27,,0,0
Bachelor,18,Chantel F,0,0,2,0,Account Manager,"Miami, Florida",27,,0,1
Bachelor,18,Victoria L,0,0,2,0,Legal Assistant,"Porto Alegre, Brazil",24,,0,2
Bachelor,18,Christy H,0,0,3,0,Marketing Manager,"Aurora, Illinois",24,,0,0
Bachelor,18,Lucy A,0,0,3,0,Free Spirit,"Santa Barbara, California",25,,0,1
Bachelor,18,Elise M,0,0,4,0,First Grade Teacher,"Forty Fort, Pennsylvania",27,,0,0
Bachelor,18,Lauren S,0,0,4,0,Music Composer,"Austin, Texas",26,,0,1
Bachelor,18,Alli R,0,0,5,0,Nanny,"Orland Park, Illinois",26,,0,0
Bachelor,18,Danielle R,0,0,5,0,Psychiatric Nurse,"Litchfield, Illinois",25,,0,1
Bachelor,18,Kelly T,0,0,5,0,Dog Lover,"Conyers, Georgia",27,,1,2
Bachelor,18,Cassandra F,0,0,6,0,Former NBA Dancer,"Shelby Charter Township, Michigan",22,,1,0
Bachelor,18,Kat H,0,0,6,0,Medical Sales Representative/NBA Dancer,"Iowa City, Iowa",29,,1,1
Bachelor,18,Chelsie W,0,0,7,0,Science Educator,"Lexington, Ohio",24,,1,0
Bachelor,18,Sharleen J,0,0,7,1,Opera Singer,"Ottawa, Ontario",29,,3,1
Bachelor,18,Renee O,0,0,8,0,Real Estate Agent,"Martha's Vineyard, Massachusetts",32,,1,0
Bachelor,18,Andi D,0,0,9,0,Assistant District Attorney,"Buckhead, Georgia",26,,4,0
Bachelor,18,Clare C,0,1,10,0,Hairstylist,"Sacramento, California",32,,5,0
Bachelor,18,Nikki F,1,0,N/A,0,Pediatric Nurse,"Kearney, Missouri",26,,7,0
Bachelor,19,Amanda G,0,0,1,0,Ballet Teacher,"Lake in the Hills, Illinois",24,,0,0
Bachelor,19,Bo S,0,0,1,0,Plus-Size Model,"Carpinteria, California",25,,0,1
Bachelor,19,Kara W,0,0,1,0,High School Soccer Coach,"Brownsville, Kentucky",25,,0,2
Bachelor,19,Kimberly S,0,0,1,0,NBA Dancer,"Norman, Oklahoma",24,,0,3
Bachelor,19,Michelle D,0,0,1,0,Wedding Cake Baker,"Provo, Utah",25,,0,4
Bachelor,19,Nicole M,0,0,1,0,Menswear Buyer,"Calgary, Alberta",25,,0,5
Bachelor,19,Reegan C,0,0,1,0,Cadaver Tissue Saleswoman,"Manhattan Beach, California",28,,0,6
Bachelor,19,Alissa G,0,0,2,0,Flight Attendant,"Hamilton, New Jersey",24,,0,0
Bachelor,19,Jordan B,0,0,2,0,Student,"Windsor, Colorado",24,,0,1
Bachelor,19,Tandra S,0,0,2,0,Executive Assistant,"Sandy, Utah",30,,0,2
Bachelor,19,Tara E,0,0,2,0,Sport Fishing Enthusiast,"Fort Lauderdale, Florida",26,,0,3
Bachelor,19,Brittany F,0,0,3,0,WWE Diva-in-Training,"Temecula, California",26,,0,0
Bachelor,19,Tracy D,0,0,3,0,Fourth Grade Teacher,"Wellington, Florida",29,,0,1
Bachelor,19,Trina S,0,0,3,0,Special Education Teacher,"Algonquin, Illinois",33,,0,2
Bachelor,19,Amber J,0,0,4,0,Bartender,"Kankakee, Illinois",29,,0,0
Bachelor,19,Ashley S,0,0,4,0,Nanny,"Ellerbe, North Carolina",26,,0,1
Bachelor,19,Jilian A,0,0,4,0,News Producer,"Howland, Ohio",25,,0,2
Bachelor,19,Juelia K,0,0,4,0,Esthetician,"Beaverton, Oregon",30,,0,3
Bachelor,19,Nikki D,0,0,4,0,Former NFL Cheerleader,"Hasbrouck Heights, New Jersey",26,,0,4
Bachelor,19,Mackenzie D,0,0,5,0,Dental Assistant,"Maple Valley, Washington",21,,2,0
Bachelor,19,Samantha S,0,0,5,0,Fashion Designer,"Indianapolis, Indiana",27,,0,1
Bachelor,19,Ashley I,0,0,6,0,Nanny/Freelance Journalist,"Great Falls, Virginia",26,,0,0
Bachelor,19,Kelsey P,0,0,6,0,Guidance Counselor,"Hudsonville, Michigan",28,,0,1
Bachelor,19,Megan B,0,0,6,0,Make-Up Artist,"Nashville, Tennessee",24,,1,2
Bachelor,19,Britt N,0,0,7,1,Waitress,"Wolcott Mills, Michigan",27,,3,0
Bachelor,19,Carly W,0,0,7,0,Cruise Ship Singer,"Arlington, Texas",29,,1,1
Bachelor,19,Jade R,0,0,8,0,Cosmetics Developer,"Gering, Nebraska",28,,2,0
Bachelor,19,Kaitlyn B,0,0,9,0,Dance Instructor,"Leduc, Alberta",29,,5,0
Bachelor,19,Becca T,0,1,10,0,Chiropractic Assistant,"Shreveport, Louisiana",25,,5,0
Bachelor,19,Whitney B,1,0,N/A,0,Fertility Nurse,"Louisville, Kentucky",29,,6,0
Bachelor,20,Breanne R,0,0,1,0,Nutritional Therapist,"Seattle, Washington",30,,0,0
Bachelor,20,Izzy G,0,0,1,0,Graphic Designer,"Branford, Connecticut",24,,0,1
Bachelor,20,Jessica M,0,0,1,0,Accountant,"Boca Raton, Florida",23,,0,2
Bachelor,20,Laura E,0,0,1,0,Account Executive,"Louisville, Kentucky",24,,0,3
Bachelor,20,Lauren H,0,0,1,0,Mineral Coordinator,"Edmond, Oklahoma",25,,1,4
Bachelor,20,Lauren R,0,0,1,0,Math Teacher,"Houston, Texas",26,,0,5
Bachelor,20,Maegan M,0,0,1,0,Cowgirl,"Visalia, California",30,,0,6
Bachelor,20,Tiara S,0,0,1,0,Chicken Enthusiast,"Redmond, Washington",27,,0,7
Bachelor,20,Jackie D,0,0,2,0,Gerontologist,"Newport Beach, California",23,,0,0
Bachelor,20,Lb B,0,0,2,0,Fashion Buyer,"Stillwater, Oklahoma",23,,0,1
Bachelor,20,Mandi K,0,0,2,0,Dentist,"Portland, Oregon",28,,0,2
Bachelor,20,Samantha P,0,0,2,0,Attorney,"New Smyrna Beach, Florida",26,,0,3
Bachelor,20,Jami L,0,0,3,0,Bartender,"St. Albert, Alberta",23,,0,0
Bachelor,20,Lace M,0,0,3,0,Real Estate Agent,"Denver, Colorado",25,,0,1
Bachelor,20,Shushanna M,0,0,3,0,Mathematician,"Salt Lake City, Utah",27,,0,2
Bachelor,20,Amber J,0,0,4,0,Bartender,"Kankakee, Illinois",29,,1,0
Bachelor,20,Hayley F,0,0,4,0,,,,,0,1
Bachelor,20,Rachel T,0,0,4,0,Fashion sales representative,"Southampton, Massachusetts",27,,0,2
Bachelor,20,Jennifer S,0,0,5,0,Small Business Owner,"Lauderdale Lakes, Florida",25,,0,0
Bachelor,20,Jubilee S,0,0,5,0,War Veteran,"Fort Lauderdale, Florida",24,,1,1
Bachelor,20,Leah B,0,0,6,0,Event Planner,"Greenwood Village, Colorado",25,,0,0
Bachelor,20,Olivia C,0,0,6,1,Former News Anchor,"Bristol, Virginia",23,,3,1
Bachelor,20,Emily F,0,0,7,0,Waitress,"Las Vegas, Nevada",23,,1,0
Bachelor,20,Amanda S,0,0,8,0,Esthetician,"Rancho Santa Margarita, California",25,,3,0
Bachelor,20,Becca T,0,0,8,0,Chiropractic Assistant,"Shreveport, Louisiana",25,,1,1
Bachelor,20,Caila Q,0,0,9,0,Software Sales Representative,"Hudson, Ohio",24,,3,0
Bachelor,20,Jojo F,0,1,10,0,Real Estate Developer,"Dallas, Texas",24,,5,0
Bachelor,20,Lauren B,1,0,N/A,0,Flight Attendant,"West Linn, Oregon",25,,6,0
Bachelor,21,Angela A,0,0,1,0,Model,"Greenville, South Carolina",26,67,0,0
Bachelor,21,Briana G,0,0,1,0,Surgical Unit Nurse,"Salt Lake City, Utah",28,64,0,1
Bachelor,21,Ida D,0,0,1,0,,,,,0,2
Bachelor,21,Jasmine B,0,0,1,0,Flight Attendant,"Tacoma, Washington",25,62.5,0,3
Bachelor,21,Lauren H,0,0,1,0,Mineral Coordinator,"Edmond, Oklahoma",25,,0,4
Bachelor,21,Michelle R,0,0,1,0,Food Truck Owner,"Los Angeles, California",24,61,0,5
Bachelor,21,Olivia B,0,0,1,0,Apparel Sales Representative,"Anchorage, Alaska",25,67,0,6
Bachelor,21,Susannah M,0,0,1,0,Account Manager,"San Diego, California",26,66,0,7
Bachelor,21,Elizabeth W,0,0,2,0,Marketing Manager,"Dallas, Texas",24,67,0,0
Bachelor,21,Hailey M,0,0,2,0,Photographer,"Vancouver, British Columbia, Canada",23,67,0,1
Bachelor,21,Lacey M,0,0,2,0,Digital Marketing Manager,"New York, New York",25,63,0,2
Bachelor,21,Liz S,0,0,2,0,Doula,"Las Vegas, Nevada",29,64,0,3
Bachelor,21,Brittany F,0,0,3,0,WWE Diva-in-Training,"Temecula, California",26,,0,0
Bachelor,21,Christen W,0,0,3,0,Wedding Videographer,"Tulsa, Oklahoma",25,65,1,1
Bachelor,21,Dominique A,0,0,3,0,Restaurant Server,"Los Angeles, California",25,64,0,2
Bachelor,21,Astrid L,0,0,4,0,Plastic Surgery Office Manager,"Tampa, Florida",26,67.5,0,0
Bachelor,21,Sarah V,0,0,4,0,Grade School Teacher,"Newport Beach, California",26,65,0,1
Bachelor,21,Alexis W,0,0,5,0,Aspiring Dolphin Trainer,"Secaucus, New Jersey",23,66,0,0
Bachelor,21,Jaimi K,0,0,5,0,Chef,"New Orleans, Louisiana",28,62,0,1
Bachelor,21,Josephine T,0,0,5,0,Registered Nurse,"Santa Cruz, California",24,67.75,0,2
Bachelor,21,Taylor N,0,0,5,0,Mental Health Counselor,"Seattle, Washington",23,64,0,3
Bachelor,21,Danielle L,0,0,6,0,Small Business Owner,"Los Angeles, California",27,65,2,0
Bachelor,21,Jasmine G,0,0,6,0,Pro Basketball Dancer,"San Francisco, California",29,67,0,1
Bachelor,21,Whitney F,0,0,6,0,Pilates Instructor,"Chanhassen, Minnesota",25,68,0,2
Bachelor,21,Danielle M,0,0,7,0,Neonatal Nurse,"Nashville, Tennessee",31,70,2,0
Bachelor,21,Kristina S,0,0,7,0,Dental Hygienist,"Lexington, Kentucky",24,62,3,1
Bachelor,21,Corrine O,0,0,8,0,Business Owner,"Miami, Florida",24,61,3,0
Bachelor,21,Rachel L,0,0,9,0,Attorney,"Dallas, Texas",31,64,6,0
Bachelor,21,Raven G,0,1,10,0,Fashion Boutique Owner,"Hoxie, AR",25,66,6,0
Bachelor,21,Vanessa G,1,0,N/A,1,Special Education Teacher,"Montreal, Quebec, Canada",29,63.5,7,0
Bachelorette,1,Billy ,0,0,1,0,,,,,0,0
Bachelorette,1,Brian K,0,0,1,0,,,,,0,1
Bachelorette,1,Chris ,0,0,1,0,,,,,0,2
Bachelorette,1,Duane ,0,0,1,0,,,,,0,3
Bachelorette,1,Eric ,0,0,1,0,,,,,0,4
Bachelorette,1,Gregg H,0,0,1,0,,,,,0,5
Bachelorette,1,Matt ,0,0,1,0,,,,,0,6
Bachelorette,1,Paul ,0,0,1,0,,,,,0,7
Bachelorette,1,Peter ,0,0,1,0,,,,,0,8
Bachelorette,1,Wayne ,0,0,1,0,,,,,0,9
Bachelorette,1,Brian C,0,0,2,0,,,,,0,0
Bachelorette,1,Brian H,0,0,2,0,,,,,0,1
Bachelorette,1,Brian S,0,0,2,0,,,,,0,2
Bachelorette,1,Brook ,0,0,2,0,,,,,0,3
Bachelorette,1,Jack ,0,0,2,0,,,,,0,4
Bachelorette,1,Jeff ,0,0,2,0,,,,,0,5
Bachelorette,1,Josh ,0,0,2,0,,,,,0,6
Bachelorette,1,Bob G,0,0,3,0,,,,,0,0
Bachelorette,1,Jamie B,0,0,3,0,,,,,0,1
Bachelorette,1,Mike ,0,0,3,0,Sales and Consulting,"Cincinnati, Ohio",24,,0,2
Bachelorette,1,Rob ,0,0,3,0,,,,,0,3
Bachelorette,1,Greg T,0,0,4,0,,,,,0,0
Bachelorette,1,Russ ,0,0,5,0,,,,,0,0
Bachelorette,1,Charlie M,0,1,6,0,,,,,0,0
Bachelorette,1,Ryan S,1,0,N/A,0,Firefighter,,,,0,0
Bachelorette,2,Aaron ,0,0,1,0,,,,,0,0
Bachelorette,2,Andy C,0,0,1,0,,,,,0,1
Bachelorette,2,Anselm C,0,0,1,0,,,,,0,2
Bachelorette,2,Brian ,0,0,1,0,,,,,0,3
Bachelorette,2,Chris ,0,0,1,0,,,,,0,4
Bachelorette,2,Cory H,0,0,1,0,,,,,0,5
Bachelorette,2,Jeff O,0,0,1,0,,,,,0,6
Bachelorette,2,Justin ,0,0,1,0,,,,,0,7
Bachelorette,2,Keith ,0,0,1,0,,,,,0,8
Bachelorette,2,Trever ,0,0,1,0,,,,,0,9
Bachelorette,2,Damon ,0,0,2,0,,,,,0,0
Bachelorette,2,Eliot ,0,0,2,0,,,,,0,1
Bachelorette,2,Harold H,0,0,2,0,,,,,0,2
Bachelorette,2,Marcus ,0,0,2,0,,,,,0,3
Bachelorette,2,Robert ,0,0,2,0,,,,,0,4
Bachelorette,2,Rick ,0,0,3,0,,,,,0,0
Bachelorette,2,Ryan R,0,0,3,0,,,,,0,1
Bachelorette,2,Todd ,0,0,3,0,,,,,0,2
Bachelorette,2,Brad ,0,0,4,0,,,,,0,0
Bachelorette,2,Ryan M,0,0,4,0,Financial Advisor,"Santa Barbara, California",30,,0,1
Bachelorette,2,Sean ,0,0,4,0,,,,,0,2
Bachelorette,2,Lanny ,0,0,5,0,,,,,0,0
Bachelorette,2,Chad ,0,0,6,0,,,,,0,0
Bachelorette,2,Matthew H,0,1,7,0,,,,,0,0
Bachelorette,2,Ian M,1,0,N/A,0,Equity Research Sales,,,,0,0
Bachelorette,3,Andrew ,0,0,1,0,,,,,0,0
Bachelorette,3,Andy L,0,0,1,0,,,,,0,1
Bachelorette,3,Chris C,0,0,1,0,,,,,0,2
Bachelorette,3,Chris M,0,0,1,0,Construction Company CEO,"Gibbons, Alberta",27,,0,3
Bachelorette,3,Collin E,0,0,1,0,,,,,0,4
Bachelorette,3,David V,0,0,1,0,,,,,0,5
Bachelorette,3,Eric H,0,0,1,0,Explorer,"Citrus Heights, California",31,,0,6
Bachelorette,3,Eric T,0,0,1,0,,,,,0,7
Bachelorette,3,Kevin ,0,0,1,0,,,,,0,8
Bachelorette,3,Matt L,0,0,1,0,,,,,0,9
Bachelorette,3,A.W. ,0,0,2,0,,,,,0,0
Bachelorette,3,Jason I,0,0,2,0,,,,,0,1
Bachelorette,3,Mark ,0,0,2,0,,,,,0,2
Bachelorette,3,Matt M,0,0,2,0,,,,,0,3
Bachelorette,3,Michael F,0,0,2,0,,,,,0,4
Bachelorette,3,Ryan S,0,0,2,0,,,,,0,5
Bachelorette,3,Stu L,0,0,2,0,,,,,0,6
Bachelorette,3,Josh C,0,0,3,0,,,,,0,0
Bachelorette,3,Keith ,0,0,3,1,,,,,0,1
Bachelorette,3,Ben S,0,0,4,0,Entrepreneur,"Lubbock, Texas",28,,0,0
Bachelorette,3,Fabrice L,0,0,4,0,,,,,0,1
Bachelorette,3,Wendell J,0,0,5,0,,,,,0,0
Bachelorette,3,Ryan S,0,0,6,0,,,,,0,0
Bachelorette,3,John Paul M,0,1,7,0,,,,,0,0
Bachelorette,3,Jerry F,1,0,N/A,0,Real Estate Agent,,,,0,0
Bachelorette,4,Brian W,0,0,1,0,High school football coach,"Balch Springs, Texas",31,,0,0
Bachelorette,4,Chandler F,0,0,1,0,Insurance rep.,"Virginia Beach, Virginia",25,,0,1
Bachelorette,4,Donato C,0,0,1,0,Sales rep.,"Lexington, South Carolina",26,,0,2
Bachelorette,4,Gregory M,0,0,1,0,Personal trainer,"Rockport, Massachusetts",28,,0,3
Bachelorette,4,Jeffrey H,0,0,1,0,Mathematics teacher,"Miami, Florida",27,,0,4
Bachelorette,4,Jonathan K,0,0,1,0,Resort manager,"Williston, North Dakota",35,,0,5
Bachelorette,4,Luke H,0,0,1,0,Oyster farmer,"Faith, North Carolina",27,,0,6
Bachelorette,4,Patrick C,0,0,1,0,Financial analyst,"Glenwood, Illinois",26,,0,7
Bachelorette,4,Patrick D,0,0,1,0,Internet marketing,"Elmhurst, Illinois",27,,0,8
Bachelorette,4,Spero S,0,0,1,0,Actor,"Ellington, Connecticut",38,,0,9
Bachelorette,4,Christopher B,0,0,2,0,Medical sales rep.,"Fort Worth, Texas",29,,0,0
Bachelorette,4,Eric P,0,0,2,0,Senior analyst,"Boston, Massachusetts",32,,0,1
Bachelorette,4,Ryan H,0,0,2,0,Professional football player,"Minneapolis, Minnesota",28,,0,2
Bachelorette,4,Paul B,0,0,3,0,Sales manager,"Bonnyville, Alberta",23,,1,0
Bachelorette,4,Richard M,0,0,3,1,Science teacher,"Sauquoit, New York",27,,1,1
Bachelorette,4,Ronald M,0,0,3,0,Barber shop owner,"Greeley, Colorado",36,,0,2
Bachelorette,4,Brian T,0,0,4,0,Computer network consultant,"New Castle, Indiana",29,,0,0
Bachelorette,4,Frederick G,0,0,4,0,Lawyer,"Skokie, Illinois",30,,1,1
Bachelorette,4,Robert F,0,0,4,0,Chef,"San Francisco, California",28,,1,2
Bachelorette,4,Blaine T,0,0,5,0,Debt manager,"Tulsa, Oklahoma",33,,0,0
Bachelorette,4,Sean R,0,0,5,0,Martial artist,"Louisville, Kentucky",33,,1,1
Bachelorette,4,Graham B,0,0,6,0,Professional basketball player,"Raleigh, North Carolina",29,,1,0
Bachelorette,4,Jeremy A,0,0,7,1,Real estate attorney,"Dallas, Texas",30,,4,0
Bachelorette,4,Jason M,0,1,8,0,Account executive,"Cleveland, Ohio",31,,3,0
Bachelorette,4,Jesse C,1,0,N/A,1,Professional snowboarder,"Breckenridge, Colorado",26,,4,0
Bachelorette,5,Adam D,0,0,1,0,Olympic Cyclist,"Santa Barbara, California",27,,0,0
Bachelorette,5,Brian V,0,0,1,0,High School Coach,"Lawton, Oklahoma",28,,0,1
Bachelorette,5,Bryce H,0,0,1,0,Furniture Dealer,"Fort Lauderdale, Florida",31,,0,2
Bachelorette,5,Caleb K,0,0,1,0,Photographer,"Kansas City, Missouri",27,,0,3
Bachelorette,5,Greg B,0,0,1,0,Entrepreneur,"Albuquerque, New Mexico",31,,0,4
Bachelorette,5,Jake P,0,0,1,0,Commercial Pilot,"Denton, Texas",31,,1,5
Bachelorette,5,John H,0,0,1,0,Branding Consultant,"Boise, Idaho",27,,0,6
Bachelorette,5,John P,0,0,1,0,Marketing Specialist,"Fort Wayne, Indiana",29,,0,7
Bachelorette,5,Josh Y,0,0,1,0,Lifeguard,"Tustin, California",25,,0,8
Bachelorette,5,Kyle Y,0,0,1,0,Graphic Designer,"Austin, Texas",26,,0,9
Bachelorette,5,Stephen R,0,0,1,0,Lawyer,"Lexington, Massachusetts",30,,0,10
Bachelorette,5,Brian D,0,0,2,0,IT Consultant,"Birmingham, Alabama",32,,0,0
Bachelorette,5,Julien H,0,0,2,0,Restaurateur,"San Diego, California",34,,0,1
Bachelorette,5,Mathue J,0,0,2,0,Personal Trainer,"Andover, Kansas",25,,0,2
Bachelorette,5,Simon A,0,0,2,0,Soccer Coach,"Bradford, England",26,,0,3
Bachelorette,5,Brad S,0,0,3,0,Financial Advisor,"Park Ridge, Illinois",27,,0,0
Bachelorette,5,Sasha P,0,0,3,0,Oil & Gas Consultant,"Houston, Texas",27,,0,1
Bachelorette,5,Tanner F,0,0,3,0,Sales Representative,"Derby, Kansas",28,,0,2
Bachelorette,5,David G,0,0,4,1,Trucking Contractor,"West Alexandria, Ohio",27,,1,0
Bachelorette,5,Juan B,0,0,4,0,General Contractor,"Buenos Aires, Argentina",35,,1,1
Bachelorette,5,Mike S,0,0,4,0,Baseball Camp Owner,"New York, New York",28,,1,2
Bachelorette,5,Mark H,0,0,5,0,Pizza Entrepreneur,"Woodstock, Illinois",26,,1,0
Bachelorette,5,Robby D,0,0,6,0,Bartender,"Spring, Texas",25,,1,0
Bachelorette,5,Tanner P,0,0,6,0,Financial Analyst,"Brownfield, Texas",30,,0,1
Bachelorette,5,Jesse K,0,0,7,0,Wine Maker,"Carmel Valley, California",27,,2,0
Bachelorette,5,Michael S,0,0,7,0,Break Dance Instructor,"Tacoma, Washington",25,,1,1
Bachelorette,5,Wes H,0,0,8,0,Musician,"Huntsville, Texas",32,,1,0
Bachelorette,5,Reid R,0,0,9,0,Realtor,"Upper Dublin, Pennsylvania",30,,3,0
Bachelorette,5,Kiptyn L,0,1,10,0,Business Developer,"Encinitas, California",31,,5,0
Bachelorette,5,Ed S,1,0,N/A,0,Technology Consultant,"Monroe, Michigan",29,,4,0
Bachelorette,6,Derek ,0,0,1,0,Sales Manager,"Warren, Michigan",28,,0,0
Bachelorette,6,Derrick S,0,0,1,0,Construction Engineer,"Manhattan Beach, California",27,,0,1
Bachelorette,6,Jason W,0,0,1,0,Construction Consultant,"Johnson City, Tennessee",27,,0,2
Bachelorette,6,Jay R,0,0,1,0,Lawyer,"Barrington, Rhode Island",29,,0,3
Bachelorette,6,John N,0,0,1,0,Engineering Software Sales,"Wichita, Kansas",27,,0,4
Bachelorette,6,Kyle H,0,0,1,0,Outdoorsman,"Highlands Ranch, Colorado",26,,0,5
Bachelorette,6,Phil K,0,0,1,0,Investment Manager,"Elmore, Ohio",30,,0,6
Bachelorette,6,Tyler M,0,0,1,0,Catering Manager,"Helena, Montana",25,,0,7
Bachelorette,6,Chris H,0,0,2,0,Real Estate Developer,"Campbell River, British Columbia",27,,0,0
Bachelorette,6,Craig M,0,0,2,0,Dental Sales,"Sarnia, Ontario",34,,0,1
Bachelorette,6,Tyler V,0,0,2,0,Online Advertising,"Chelsea, Vermont",25,,0,2
Bachelorette,6,Hunter W,0,0,3,0,Internet Account Executive,"Fair Oaks Ranch, Texas",28,,0,0
Bachelorette,6,John C,0,0,3,0,Hotel Business Development,"Mukilteo, Washington",32,,0,1
Bachelorette,6,Steve K,0,0,3,0,Sales Representative,"Chesterland, Ohio",28,,0,2
Bachelorette,6,Jesse B,0,0,4,0,General Contractor,"Peculiar, Missouri",24,,1,0
Bachelorette,6,Jonathan N,0,0,4,0,Weatherman,"Boston, Massachusetts",30,,0,1
Bachelorette,6,Chris N,0,0,5,0,Entrepreneur,"Winter Park, Florida",29,,0,0
Bachelorette,6,Justin R,0,0,5,0,Entertainment Wrestler,"Toronto, Ontario",26,,1,1
Bachelorette,6,Kasey K,0,0,5,0,Advertising Account Executive,"Fresno, California",27,,0,2
Bachelorette,6,Craig R,0,0,6,0,Lawyer,"Langhorne, Pennsylvania",27,,0,0
Bachelorette,6,Ty B,0,0,7,0,Medical Sales,"Booneville, Mississippi",31,,3,0
Bachelorette,6,Kirk D,0,0,8,0,Sales Consultant,"Green Bay, Wisconsin",27,,3,0
Bachelorette,6,Frank N,0,0,9,0,Retail Manager,"Bartlett, Illinois",31,,3,0
Bachelorette,6,Chris L,0,1,10,0,Landscaper,"Dennis, Massachusetts",33,,4,0
Bachelorette,6,Robert M,1,0,N/A,1,Insurance Agent,"Tampa, Florida",26,,5,0
Bachelorette,7,Anthony S,0,0,1,0,Butcher,"Saddle River, New Jersey",28,,0,0
Bachelorette,7,Chris M,0,0,1,0,Construction Company CEO,"Gibbons, Alberta",27,,0,1
Bachelorette,7,Frank C,0,0,1,0,College Admissions Director,"Anchorage, Alaska",29,,0,2
Bachelorette,7,Jon E,0,0,1,0,E-Commerce Executive,"Vancouver, Washington",26,,0,3
Bachelorette,7,Michael B,0,0,1,0,0,0,0,,0,4
Bachelorette,7,Rob D,0,0,1,0,Technology Executive,"Monroe, Michigan",27,,0,5
Bachelorette,7,Ryan M,0,0,1,0,Financial Advisor,"Santa Barbara, California",30,,1,6
Bachelorette,7,Ryan M,0,0,1,0,Financial Advisor,"Santa Barbara, California",30,,0,7
Bachelorette,7,Tim M,0,0,1,0,Liquor Distributor,"Massapequa, New York",35,,0,8
Bachelorette,7,Matt C,0,0,2,0,Office Supply Salesman,"Bridgewater, Massachusetts",28,,0,0
Bachelorette,7,Stephen D,0,0,2,0,Hairstylist,"Portland, Connecticut",27,,0,1
Bachelorette,7,Bentley W,0,0,3,0,Businessman,"Alpine, Utah",28,,1,0
Bachelorette,7,Chris D,0,0,3,0,Sports Marketing Coordinator,"Moline, Illinois",25,,0,1
Bachelorette,7,Jeff M,0,0,3,0,Entrepreneur,"St. Louis, Missouri",35,,0,2
Bachelorette,7,West L,0,0,4,0,Lawyer,"Walhalla, South Carolina",30,,0,0
Bachelorette,7,Ben C,0,0,5,0,Lawyer,"Lake Charles, Louisiana",28,,1,0
Bachelorette,7,Nick P,0,0,5,0,Personal Trainer,"Odessa, Florida",26,,0,1
Bachelorette,7,William H,0,0,5,0,Cellular Phone Salesman,"Fostoria, Ohio",30,,1,2
Bachelorette,7,Blake J,0,0,6,0,Dentist,"Steamboat Springs, Colorado",27,,1,0
Bachelorette,7,Lucas D,0,0,7,0,Oilfield Equipment Distributor,"Odessa, Texas",30,,1,0
Bachelorette,7,Ryan P,0,0,7,1,Solar Energy Executive,"San Luis Obispo, California",31,,3,1
Bachelorette,7,Ames B,0,0,8,0,Portfolio Manager,"Chadds Ford, Pennsylvania",31,,1,0
Bachelorette,7,Constantine T,0,0,9,0,Restaurant Owner,"Cumming, Georgia",30,,3,0
Bachelorette,7,Ben F,0,1,10,0,Wine Maker,"Sonoma, California",28,,5,0
Bachelorette,7,Jp R,1,0,N/A,0,Construction Manager,"Roslyn, New York",34,,5,0
Bachelorette,8,Brent R,0,0,1,0,Technology Salesman,"Midland, Texas",41,,0,0
Bachelorette,8,David H,0,0,1,0,Singer/Songwriter,"Charlottesville, Virginia",33,,0,1
Bachelorette,8,Jackson L,0,0,1,0,Fitness Model,"Lockport, Illinois",29,,0,2
Bachelorette,8,Jeanpaul L,0,0,1,0,Marine Biologist,"Moraga, California",35,,0,3
Bachelorette,8,Lerone A,0,0,1,0,Real Estate Consultant,"Laguna Beach, California",29,,0,4
Bachelorette,8,Randy W,0,0,1,0,Marketing Manager,"Oak Creek, Wisconsin",30,,0,5
Bachelorette,8,Aaron M,0,0,2,0,Biology Teacher,"North Sydney, Nova Scotia",36,,0,0
Bachelorette,8,Joe G,0,0,2,0,Field Energy Adviser,"Orlando, Florida",27,,0,1
Bachelorette,8,Kyle D,0,0,2,0,Financial Adviser,"Long Beach, California",29,,0,2
Bachelorette,8,Alessandro G,0,0,3,0,Grain Merchant,"Saint Paul, Minnesota",30,,0,0
Bachelorette,8,Stevie A,0,0,3,0,Party M.C.,"Monroe Township, New Jersey",26,,0,1
Bachelorette,8,Tony P,0,0,3,0,Single Dad/Lumber Trader,"Beaverton, Oregon",31,,0,2
Bachelorette,8,Michael N,0,0,4,0,Rehab Counselor,"Austin, Texas",26,,0,0
Bachelorette,8,Nathan B,0,0,4,0,Accountant,"Casa Grande, Arizona",25,,0,1
Bachelorette,8,Ryan B,0,0,4,0,Pro Sports Trainer,"Evans, Georgia",31,,1,2
Bachelorette,8,Alejandro V,0,0,5,0,Mushroom Farmer,"San Francisco, California",25,,0,0
Bachelorette,8,Charlie G,0,0,5,0,Recruiter,"Worcester, Massachusetts",32,,0,1
Bachelorette,8,Kalon M,0,0,5,0,,,,,N/A,2
Bachelorette,8,Travis P,0,0,6,0,Advertising Sales Representative,"Madison, Mississippi",30,,0,0
Bachelorette,8,Doug C,0,0,7,1,Single Dad/Real Estate Agent,"Tacoma, Washington",33,,2,0
Bachelorette,8,John W,0,0,7,0,Data Destruction Specialist,"Creve Coeur, Missouri",30,,1,1
Bachelorette,8,Chris B,0,0,8,0,Corporate Sales Director,"Chicago, Illinois",25,,2,0
Bachelorette,8,Sean L,0,0,9,0,Insurance Agent,"Irving, Texas",28,,3,0
Bachelorette,8,Arie L,0,1,10,0,Race Car Driver,"Scottsdale, Arizona",30,,4,0
Bachelorette,8,Jef H,1,0,N/A,0,Entrepreneur,"St. George, Utah",27,,6,0
Bachelorette,9,Diogo C,0,0,1,0,Ski Resort Manager,"Penha, Brazil",29,,0,0
Bachelorette,9,Jonathan V,0,0,1,0,Lawyer,"Hickory, North Carolina",26,,0,1
Bachelorette,9,Larry B,0,0,1,0,ER Doctor,"Overland Park, Kansas",34,,0,2
Bachelorette,9,Micah ,0,0,1,0,Law Student,"Detroit Lakes, Minnesota",32,,0,3
Bachelorette,9,Mike ,0,0,1,0,Sales and Consulting,"Cincinnati, Ohio",24,,0,4
Bachelorette,9,Nick R,0,0,1,0,Tailor/Magician,"Ridgefield, Connecticut",26,,0,5
Bachelorette,9,Nick M,0,0,2,0,Investment Adviser,"Rochester, New York",27,,1,0
Bachelorette,9,Robert G,0,0,2,0,Advertising Entrepreneur,"Glendale, Arizona",30,,0,1
Bachelorette,9,Will R,0,0,2,0,Banker,"Federal Way, Washington",28,,0,2
Bachelorette,9,Brandon A,0,0,3,0,Painting Contractor,"Blaine, Minnesota",26,,0,0
Bachelorette,9,Brian J,0,0,3,0,Financial Advisor,"Olney, Maryland",29,,0,1
Bachelorette,9,Dan C,0,0,3,0,Beverage Sales Director,"Dublin, California",30,,0,2
Bachelorette,9,Brad M,0,0,4,0,Accountant/DJ,"Denver, Colorado",27,,0,0
Bachelorette,9,Bryden V,0,0,4,0,Iraq War Veteran,"Havre, Montana",26,,0,1
Bachelorette,9,Zack K,0,0,4,0,Book Publisher,"Phillips Ranch, California",28,,0,2
Bachelorette,9,Ben S,0,0,5,0,Entrepreneur,"Lubbock, Texas",28,,2,0
Bachelorette,9,Mikey T,0,0,5,0,Plumbing Contractor,"Glen Ellyn, Illinois",30,,0,1
Bachelorette,9,James C,0,0,6,0,Advertising Executive,"Marietta, Georgia",27,,2,0
Bachelorette,9,Juan G,0,0,6,0,,,,,0,1
Bachelorette,9,Kasey S,0,0,6,0,Advertising Executive,"Tulsa, Oklahoma",29,,1,2
Bachelorette,9,Michael G,0,0,7,1,Federal Prosecutor,"Lindenhurst, New York",33,,2,0
Bachelorette,9,Zak W,0,0,8,1,Drilling Fluid Engineer,"Dallas, Texas",31,,3,0
Bachelorette,9,Brooks F,0,0,9,0,Sales & Marketing,"Blackfoot, Idaho",28,,4,0
Bachelorette,9,Drew K,0,1,10,1,Digital Marketing Analyst,"Scottsdale, Arizona",27,,5,0
Bachelorette,9,Chris S,1,0,N/A,0,Mortgage Broker,"McMinnville, Oregon",27,,5,0
Bachelorette,10,Emil S,0,0,1,0,Helicopter Pilot,"Portland, Oregon",33,,0,0
Bachelorette,10,Jason L,0,0,1,0,Urgent Care Physician,"Sturgeon Bay, Wisconsin",35,,0,1
Bachelorette,10,Josh B,0,0,1,0,Telecommunication Marketer,"Evergreen, Colorado",29,,0,2
Bachelorette,10,Mike C,0,0,1,0,Bartender,"Guilderland, New York",29,,0,3
Bachelorette,10,Nick S,0,0,1,0,Professional Golfer,"Barrington, Illinois",27,,0,4
Bachelorette,10,Rudie D,0,0,1,0,Attorney,"Yorba Linda, California",31,,0,5
Bachelorette,10,Steven W,0,0,1,0,Snowboard Product Developer,"Meadow Vista, California",30,,0,6
Bachelorette,10,Carl K,0,0,2,0,Firefighter,"Hollywood, California",30,,0,0
Bachelorette,10,Craig M,0,0,2,0,Dental Sales,"Sarnia, Ontario",34,,0,1
Bachelorette,10,Bradley W,0,0,3,0,Opera Singer,"Grosse Pointe, Michigan",32,,0,0
Bachelorette,10,Brett M,0,0,3,0,Hairstylist,"Warminster, Pennsylvania",29,,0,1
Bachelorette,10,Ron W,0,0,3,0,Beverage Sales Manager,"Nahariya, Israel",28,,0,2
Bachelorette,10,Eric H,0,0,4,0,Explorer,"Citrus Heights, California",31,,1,0
Bachelorette,10,Tasos H,0,0,4,0,Wedding Event Coordinator,"Denver, Colorado",30,,0,1
Bachelorette,10,Andrew P,0,0,5,0,Social Media Marketer,"Portola Valley, California",30,,0,0
Bachelorette,10,Marquel M,0,0,5,0,Sponsorship Salesman,"Rialto, California",26,,0,1
Bachelorette,10,Patrick J,0,0,5,0,Advertising Executive,"Clinton, New Jersey",29,,0,2
Bachelorette,10,Cody S,0,0,6,0,Personal Trainer,"Oakley, Kansas",28,,0,0
Bachelorette,10,Jj O,0,0,6,0,Pantsapreneur,"Hanover, Massachusetts",30,,2,1
Bachelorette,10,Brian O,0,0,7,0,Basketball Coach,"Camp Hill, Pennsylvania",27,,2,0
Bachelorette,10,Chris S,0,0,7,0,Mortgage Broker,"McMinnville, Oregon",27,,3,1
Bachelorette,10,Dylan P,0,0,7,0,Accountant,"Longmeadow, Massachusetts",26,,1,2
Bachelorette,10,Marcus G,0,0,8,0,Sports Medicine Manager,"Medicine Hat, Alberta",25,,3,0
Bachelorette,10,Nick V,0,1,9,0,Software Sales Executive,"Waukesha, Wisconsin",33,,6,0
Bachelorette,10,Josh M,1,0,N/A,0,Former Professional Baseball Player,"Athens, Georgia",29,,5,0
Bachelorette,11,Bradley C,0,0,1,0,International Auto Shipper,"Duluth, Georgia",25,,0,0
Bachelorette,11,Brady T,0,0,1,0,Singer/Songwriter,"Wauseon, Ohio",33,,0,1
Bachelorette,11,David ,0,0,1,0,Real Estate Agent,"Orlando, Florida",28,,0,2
Bachelorette,11,Jonathan H,0,0,1,0,Automotive Spokesman,"Sylvan Lake, Michigan",33,,0,3
Bachelorette,11,Josh S,0,0,1,0,Law Student/Exotic Dancer,"Chicago, Illinois",27,,0,4
Bachelorette,11,Ryan M,0,0,1,0,Financial Advisor,"Santa Barbara, California",30,,0,5
Bachelorette,11,Shawn E,0,0,1,0,Amateur Sex Coach,"London, Ontario",31,,0,6
Bachelorette,11,Cory S,0,0,2,0,Residential Developer,"Seven Springs, North Carolina",35,,0,0
Bachelorette,11,Daniel F,0,0,2,0,Fashion Designer,"Nashville, Tennessee",28,,0,1
Bachelorette,11,Kupah J,0,0,2,0,Entrepreneur,"Boston, Massachusetts",32,,0,2
Bachelorette,11,Clint A,0,0,3,0,Architectural Engineer,"Batavia, Illinois",27,,1,0
Bachelorette,11,Tony H,0,0,3,0,Healer,"St. Louis, Missouri",35,,0,1
Bachelorette,11,Corey S,0,0,4,0,Investment Banker,"New York, New York",30,,0,0
Bachelorette,11,Ryan B,0,0,4,0,Pro Sports Trainer,"Evans, Georgia",31,,0,1
Bachelorette,11,Ian T,0,0,5,0,Executive Recruiter,"Ramsey, New Jersey",28,,0,0
Bachelorette,11,Joshua A,0,0,5,0,Industrial Welder,"Kuna, Idaho",31,,0,1
Bachelorette,11,Justin R,0,0,5,0,Entertainment Wrestler,"Toronto, Ontario",26,,1,2
Bachelorette,11,Ben Z,0,0,6,0,Fitness Coach,"Falls Church, Virginia",26,,2,0
Bachelorette,11,Jj L,0,0,6,0,Former Investment Banker,"Dacono, Colorado",32,,1,1
Bachelorette,11,Tanner T,0,0,6,0,Auto Finance Manager,"Stilwell, Kansas",28,,0,2
Bachelorette,11,Chris S,0,0,7,0,Mortgage Broker,"McMinnville, Oregon",27,,1,0
Bachelorette,11,Jared H,0,0,7,0,Restaurant Manager,"Warwick, Rhode Island",26,,2,1
Bachelorette,11,Joe B,0,0,7,0,Insurance Agent,"Glasgow, Kentucky",28,,1,2
Bachelorette,11,Ben H,0,0,8,0,Software Salesman,"Warsaw, Indiana",26,,3,0
Bachelorette,11,Nick V,0,1,9,0,Software Sales Executive,"Waukesha, Wisconsin",33,,2,0
Bachelorette,11,Shawn B,1,0,N/A,1,Personal Trainer,"Windsor Locks, Connecticut",28,,4,0
Bachelorette,12,Coley K,0,0,1,0,Real Estate Consultant,"Chicago, Illinois",27,,0,0
Bachelorette,12,Jake P,0,0,1,0,Commercial Pilot,"Denton, Texas",31,,0,1
Bachelorette,12,Jonathan H,0,0,1,0,Automotive Spokesman,"Sylvan Lake, Michigan",33,,0,2
Bachelorette,12,Nick S,0,0,1,0,Professional Golfer,"Barrington, Illinois",27,,0,3
Bachelorette,12,Peter M,0,0,1,0,Staffing Agency Manager,"Rockdale, Illinois",26,,0,4
Bachelorette,12,Sal D,0,0,1,0,Operations Manager,"Hubbard, Ohio",28,,0,5
Bachelorette,12,Brandon H,0,0,2,0,Hipster,"Marysville, Washington",28,,0,0
Bachelorette,12,James S,0,0,2,0,Bachelor Superfan,"Phoenix, Arizona",27,,0,1
Bachelorette,12,Will H,0,0,2,0,Civil Engineer,"Jersey City, New Jersey",26,,0,2
Bachelorette,12,Ali Z,0,0,3,0,Bartender,"Santa Monica, California",27,,0,0
Bachelorette,12,Christian B,0,0,3,0,Telecom Consultant,"Los Angeles, California",26,,0,1
Bachelorette,12,Nick B,0,0,3,0,Electrical Engineer,"Carthage, Illinois",33,,0,2
Bachelorette,12,Chad J,0,0,4,0,Luxury Real Estate Agent,"Jenks, Oklahoma",28,,0,0
Bachelorette,12,Daniel M,0,0,4,0,Male Model,"Lions Bay, British Columbia",31,,0,1
Bachelorette,12,James F,0,0,4,0,Boxing Club Owner,"Franklin, Tennessee",34,,0,2
Bachelorette,12,Evan B,0,0,5,0,Erectile Dysfunction Specialist,"Hartford, Connecticut",33,,1,0
Bachelorette,12,Grant K,0,0,5,0,Firefighter,"San Francisco, California",27,,0,1
Bachelorette,12,Vincent V,0,0,5,0,Barber,"Kings Park, New York",28,,0,2
Bachelorette,12,Alex W,0,0,6,0,U.S. Marine,"Oceanside, California",25,,1,0
Bachelorette,12,Derek P,0,0,6,0,Commercial Banker,"Waverly, Iowa",29,,2,1
Bachelorette,12,Wells A,0,0,6,0,Radio DJ,"Monterey, California",31,,1,2
Bachelorette,12,James T,0,0,7,0,Singer-Songwriter,"Katy, Texas",29,,1,0
Bachelorette,12,Luke P,0,0,8,0,War Veteran,"Burnet, Texas",31,,3,0
Bachelorette,12,Chase M,0,0,9,0,Medical Sales Rep,"Castle Rock, Colorado",27,,2,0
Bachelorette,12,Robby H,0,1,10,0,Former Competitive Swimmer,"St. Augustine, Florida",27,,4,0
Bachelorette,12,Jordan R,1,0,N/A,1,Former Pro Quarterback,"Chico, California",27,,3,0
Bachelorette,13,Blake K,0,0,1,0,Aspiring Drummer,,,,0,0
Bachelorette,13,Grant H,0,0,1,0,Emergency Physician,,,,0,1
Bachelorette,13,Jedidiah B,0,0,1,0,ER Physician,,,,0,2
Bachelorette,13,Kyle S,0,0,1,0,Marketing Consultant,,,,0,3
Bachelorette,13,Michael B,0,0,1,0,Former Professional Basketball Player,,,,0,4
Bachelorette,13,Milton L,0,0,1,0,Hotel Recreation Supervisor,,,,0,5
Bachelorette,13,Mohit S,0,0,1,0,Product Manager,,,,0,6
Bachelorette,13,Rob H,0,0,1,0,Law Student,,,,0,7
Bachelorette,13,Blake E,0,0,2,0,US Marine Veteran,,,,0,0
Bachelorette,13,Demario J,0,0,2,0,Executive Recruiter,,,,0,1
Bachelorette,13,Jamey K,0,0,2,0,Sales Account Executive,,,,0,2
Bachelorette,13,Lucas Y,0,0,2,0,Whaboom,,,,0,3
Bachelorette,13,Brady E,0,0,3,0,Model,,,,0,0
Bachelorette,13,Bryce P,0,0,3,0,Firefighter,,,,0,1
Bachelorette,13,Diggy M,0,0,3,0,Senior Inventory Analyst,,,,0,2
Bachelorette,13,Fred J,0,0,3,0,Executive Assistant,,,,0,3
Bachelorette,13,Iggy R,0,0,4,0,Consulting Firm CEO,,,,0,0
Bachelorette,13,Jack S,0,0,4,0,Attorney,,,,0,1
Bachelorette,13,Jonathan T,0,0,4,0,Tickle Monster,,,,0,2
Bachelorette,13,Anthony B,0,0,5,0,Education Software Manager,,,,1,0
Bachelorette,13,Josiah G,0,0,5,0,Prosecuting Attorney,,,,1,1
Bachelorette,13,Lee G,0,0,5,0,Singer-Songwriter,,,,0,2
Bachelorette,13,Alex B,0,0,6,0,Information Systems Supervisor,,,,1,0
Bachelorette,13,Kenny L,0,0,6,0,Professional Wrestler,,,,1,1
Bachelorette,13,Will G,0,0,6,0,Sales Manager,,,,1,2
Bachelorette,13,Adam G,0,0,7,0,Real Estate Agent,,,,0,0
Bachelorette,13,Matt M,0,0,7,0,Construction Sales rep,,,,0,1
Bachelorette,13,Dean U,0,0,8,0,Startup Recruiter,,,,3,0
Bachelorette,13,Eric B,0,0,9,0,Personal Trainer,,,,3,0
Bachelorette,13,Peter K,0,1,10,0,Business Owner,,,,3,0
Bachelorette,13,Bryan A,1,0,N/A,1,Chiropractor,,,,6,0