show,season,name,winner,runner_up,elim_week,fir,occupation,hometown,age,height,roses
Bachelor,1,ALEXA X,0,0,2,0,#N/A,#N/A,#N/A,#N/A,0
Bachelor,1,AMANDA M,1,0,N/A,0,,,,,0
Bachelor,1,AMBER X,0,0,1,0,#N/A,#N/A,#N/A,#N/A,0
Bachelor,1,AMY X,0,0,2,0,#N/A,#N/A,#N/A,#N/A,0
Bachelor,1,ANGELA X,0,0,2,0,#N/A,#N/A,#N/A,#N/A,0
Bachelor,1,ANGELIQUE X,0,0,2,0,#N/A,#N/A,#N/A,#N/A,0
Bachelor,1,CATHY G,0,0,3,0,#N/A,#N/A,#N/A,#N/A,0
Bachelor,1,CHRISTINA X,0,0,3,0,#N/A,#N/A,#N/A,#N/A,0
Bachelor,1,DANIELA X,0,0,1,0,#N/A,#N/A,#N/A,#N/A,0
Bachelor,1,DENISE X,0,0,1,0,#N/A,#N/A,#N/A,#N/A,0
Bachelor,1,JACKIE X,0,0,1,0,#N/A,#N/A,#N/A,#N/A,0
Bachelor,1,JILL X,0,0,1,0,#N/A,#N/A,#N/A,#N/A,0
Bachelor,1,KATIE X,0,0,2,0,#N/A,#N/A,#N/A,#N/A,0
Bachelor,1,KIM X,0,0,4,0,#N/A,#N/A,#N/A,#N/A,0
Bachelor,1,KRISTINA X,0,0,1,0,#N/A,#N/A,#N/A,#N/A,0
Bachelor,1,LANEASE A,0,0,3,0,#N/A,#N/A,#N/A,#N/A,0
Bachelor,1,LISA X,0,0,1,0,#N/A,#N/A,#N/A,#N/A,0
Bachelor,1,MELISSA X,0,0,2,0,#N/A,#N/A,#N/A,#N/A,0
Bachelor,1,PAULA X,0,0,1,0,#N/A,#N/A,#N/A,#N/A,0
Bachelor,1,RACHEL X,0,0,1,0,#N/A,#N/A,#N/A,#N/A,0
Bachelor,1,RHONDA X,0,0,3,0,#N/A,#N/A,#N/A,#N/A,0
Bachelor,1,SHANNON O,0,0,5,0,#N/A,#N/A,#N/A,#N/A,0
Bachelor,1,TINA X,0,0,2,0,#N/A,#N/A,#N/A,#N/A,0
Bachelor,1,TRISTA R,0,1,6,0,#N/A,#N/A,#N/A,#N/A,0
Bachelor,1,WENDI X,0,0,1,0,#N/A,#N/A,#N/A,#N/A,0
Bachelor,2,AMBER X,0,0,1,0,#N/A,#N/A,#N/A,#N/A,0
Bachelor,2,ANGELA X,0,0,5,0,#N/A,#N/A,#N/A,#N/A,0
Bachelor,2,ANINDITA X,0,0,2,0,#N/A,#N/A,#N/A,#N/A,0
Bachelor,2,BROOKE S,0,1,7,0,#N/A,#N/A,#N/A,#N/A,0
Bachelor,2,CAMILLE X,0,0,1,0,#N/A,#N/A,#N/A,#N/A,0
Bachelor,2,CARI X,0,0,1,0,#N/A,#N/A,#N/A,#N/A,0
Bachelor,2,CHRISTI X,0,0,3,0,#N/A,#N/A,#N/A,#N/A,0
Bachelor,2,CHRISTY X,0,0,1,0,#N/A,#N/A,#N/A,#N/A,0
Bachelor,2,DANA X,0,0,2,0,#N/A,#N/A,#N/A,#N/A,0
Bachelor,2,ERIN X,0,0,2,0,#N/A,#N/A,#N/A,#N/A,0
Bachelor,2,ERIN X,0,0,1,0,#N/A,#N/A,#N/A,#N/A,0
Bachelor,2,FATIMA X,0,0,1,0,#N/A,#N/A,#N/A,#N/A,0
Bachelor,2,FRANCES X,0,0,2,0,#N/A,#N/A,#N/A,#N/A,0
Bachelor,2,GWEN G,0,0,6,0,#N/A,#N/A,#N/A,#N/A,0
Bachelor,2,HAYLEY X,0,0,4,0,#N/A,#N/A,#N/A,#N/A,0
Bachelor,2,HEATHER C,0,0,4,0,#N/A,#N/A,#N/A,#N/A,0
Bachelor,2,HEATHER X,0,0,3,0,#N/A,#N/A,#N/A,#N/A,0
Bachelor,2,HELENE E,1,0,N/A,0,#N/A,#N/A,#N/A,#N/A,0
Bachelor,2,KYLA X,0,0,3,0,#N/A,#N/A,#N/A,#N/A,0
Bachelor,2,LIANGY X,0,0,1,0,#N/A,#N/A,#N/A,#N/A,0
Bachelor,2,LORI X,0,0,1,0,#N/A,#N/A,#N/A,#N/A,0
Bachelor,2,MERILEE X,0,0,1,0,#N/A,#N/A,#N/A,#N/A,0
Bachelor,2,SHANNON X,0,0,3,0,#N/A,#N/A,#N/A,#N/A,0
Bachelor,2,SUZANNE X,0,0,2,0,#N/A,#N/A,#N/A,#N/A,0
Bachelor,3,AMBER X,0,0,3,0,#N/A,#N/A,#N/A,#N/A,0
Bachelor,3,AMY X,0,0,2,0,#N/A,#N/A,#N/A,#N/A,0
Bachelor,3,AMY X,0,0,1,0,#N/A,#N/A,#N/A,#N/A,0
Bachelor,3,ANGELA X,0,0,1,0,#N/A,#N/A,#N/A,#N/A,0
Bachelor,3,ANN MICHELLE,0,0,4,0,#N/A,#N/A,#N/A,#N/A,0
Bachelor,3,AUDREE X,0,0,4,0,#N/A,#N/A,#N/A,#N/A,0
Bachelor,3,BROOKE X,0,0,1,0,#N/A,#N/A,#N/A,#N/A,0
Bachelor,3,CHRISTINA X,0,0,2,0,#N/A,#N/A,#N/A,#N/A,0
Bachelor,3,COURTNEY X,0,0,1,0,#N/A,#N/A,#N/A,#N/A,0
Bachelor,3,CRISTINA X,0,0,5,0,#N/A,#N/A,#N/A,#N/A,0
Bachelor,3,ELIZABETH X,0,0,2,0,#N/A,#N/A,#N/A,#N/A,0
Bachelor,3,GINNY X,0,0,1,0,#N/A,#N/A,#N/A,#N/A,0
Bachelor,3,HEATHER X,0,0,3,0,#N/A,#N/A,#N/A,#N/A,0
Bachelor,3,JEN X,1,0,N/A,0,#N/A,#N/A,#N/A,#N/A,0
Bachelor,3,JENNIFER X,0,0,1,0,#N/A,#N/A,#N/A,#N/A,0
Bachelor,3,KERRI X,0,0,2,0,#N/A,#N/A,#N/A,#N/A,0
Bachelor,3,KIRSTEN X,0,1,7,0,#N/A,#N/A,#N/A,#N/A,0
Bachelor,3,KRISTEN X,0,0,1,0,#N/A,#N/A,#N/A,#N/A,0
Bachelor,3,LIZ X,0,0,4,0,#N/A,#N/A,#N/A,#N/A,0
Bachelor,3,RACHEL X,0,0,3,0,#N/A,#N/A,#N/A,#N/A,0
Bachelor,3,SHANNON X,0,0,2,0,#N/A,#N/A,#N/A,#N/A,0
Bachelor,3,STEPHANIE X,0,0,1,0,#N/A,#N/A,#N/A,#N/A,0
Bachelor,3,TIFFANY X,0,0,1,0,#N/A,#N/A,#N/A,#N/A,0
Bachelor,3,TINA X,0,0,6,0,#N/A,#N/A,#N/A,#N/A,0
Bachelor,3,TINA X,0,0,3,0,#N/A,#N/A,#N/A,#N/A,0
Bachelor,4,Antoinette ,0,0,3,0,#N/A,#N/A,#N/A,#N/A,0
Bachelor,4,Brooke ,0,0,4,0,#N/A,#N/A,#N/A,#N/A,0
Bachelor,4,Christine ,0,0,2,0,#N/A,#N/A,#N/A,#N/A,0
Bachelor,4,Darla ,0,0,1,0,#N/A,#N/A,#N/A,#N/A,0
Bachelor,4,Estella ,1,0,N/A,0,#N/A,#N/A,#N/A,#N/A,0
Bachelor,4,Heather ,0,0,1,0,0,0,0,0,0
Bachelor,4,Jenn ,0,0,2,0,#N/A,#N/A,#N/A,#N/A,0
Bachelor,4,Jenny ,0,0,3,0,#N/A,#N/A,#N/A,#N/A,0
Bachelor,4,Julie ,0,0,1,0,#N/A,#N/A,#N/A,#N/A,0
Bachelor,4,Karin ,0,0,3,0,#N/A,#N/A,#N/A,#N/A,0
Bachelor,4,Kelly-Jo ,0,0,7,0,#N/A,#N/A,#N/A,#N/A,0
Bachelor,4,Kristi ,0,0,1,0,#N/A,#N/A,#N/A,#N/A,0
Bachelor,4,Lanah ,0,0,2,0,#N/A,#N/A,#N/A,#N/A,0
Bachelor,4,Lauren ,0,0,1,0,#N/A,#N/A,#N/A,#N/A,0
Bachelor,4,Lee-Ann ,0,0,4,0,#N/A,#N/A,#N/A,#N/A,0
Bachelor,4,Leona ,0,0,1,0,#N/A,#N/A,#N/A,#N/A,0
Bachelor,4,Lindsay ,0,0,2,0,#N/A,#N/A,#N/A,#N/A,0
Bachelor,4,Mary ,0,1,8,0,#N/A,#N/A,#N/A,#N/A,0
Bachelor,4,Meredith ,0,0,5,0,#N/A,#N/A,#N/A,#N/A,0
Bachelor,4,Misty ,0,0,3,0,#N/A,#N/A,#N/A,#N/A,0
Bachelor,4,Samentha ,0,0,1,0,#N/A,#N/A,#N/A,#N/A,0
Bachelor,4,Shea ,0,0,1,0,#N/A,#N/A,#N/A,#N/A,0
Bachelor,4,Shelly ,0,0,1,0,#N/A,#N/A,#N/A,#N/A,0
Bachelor,4,Stacey ,0,0,1,0,#N/A,#N/A,#N/A,#N/A,0
Bachelor,5,AMBER L,0,0,2,0,Consultant,"Sunriver, Oregon",27,0,0
Bachelor,5,ANNECATHERINE L,0,0,2,0,Model/make-up artist,"Quebec City, Quebec",27,0,0
Bachelor,5,CELESTE C,0,0,2,0,Model/executive assistant,"Ithaca, New York",24,0,0
Bachelor,5,DEBBIE M,0,0,1,0,Massage therapist/bartender,"Pinetops, North Carolina",27,0,0
Bachelor,5,DESHAUN W,0,0,1,0,Account manager/sales,"Phillipsburg, New Jersey",25,0,0
Bachelor,5,DOLORES F,0,0,1,0,Account manager,"Madison, New Jersey",26,0,0
Bachelor,5,FRANCINE J,0,0,1,0,Retail manager,"Houston, Texas",25,0,0
Bachelor,5,HOLLY R,0,0,1,0,Bank representative,"Tulsa, Oklahoma",26,0,0
Bachelor,5,JEANMARIE C,0,0,2,0,Hair stylist,"Gibson, North Carolina",26,0,0
Bachelor,5,JENNY M,0,0,1,0,Retail manager,"Canton, Michigan",24,0,0
Bachelor,5,JENNY S,0,0,3,0,Swim instructor/nanny/personal trainer,"Carrboro, North Carolina",26,0,0
Bachelor,5,JESSICA B,1,0,N/A,0,Student,"Huntington Beach, California",22,0,0
Bachelor,5,JESSICA H,0,0,1,0,Attorney,"Pearsall, Texas",25,0,0
Bachelor,5,JESSICA K,0,0,1,0,Student,"Cincinnati, Ohio",21,0,0
Bachelor,5,JULIE D,0,0,1,0,Professional Cheerleader,"Sacramento, California",24,0,0
Bachelor,5,KAREN L,0,0,4,0,Pharmaceutical sales,"Pleasant Grove, Utah",28,0,0
Bachelor,5,KATIE G,0,0,3,0,LASIK Eye and Skin Center manager,"Scottsdale, Arizona",22,0,0
Bachelor,5,KRISTIN C,0,0,1,0,Singer,"Sausalito, California",25,0,0
Bachelor,5,KRISTY R,0,0,2,0,Student,"Dearborn, Michigan",25,0,0
Bachelor,5,MANDY C,0,0,2,0,Professional soccer player,"San Diego, California",25,0,0
Bachelor,5,MANDY J,0,0,6,0,Designer for an architect firm,"Midland, Texas",26,0,0
Bachelor,5,RACHEL C,0,0,1,0,Fashion public relations manager,"Buffalo, New York",26,0,0
Bachelor,5,SUZIE W,0,0,4,0,Prosthetic technician,"Ann Arbor, Michigan",23,0,0
Bachelor,5,TARA H,0,1,7,0,General contractor,"Shawnee, Oklahoma",23,0,0
Bachelor,5,TRISH S,0,0,5,0,Model,"Atlanta, Georgia",28,0,0
Bachelor,6,Abby ,0,0,1,0,#N/A,#N/A,#N/A,#N/A,0
Bachelor,6,Alma ,0,0,1,0,#N/A,#N/A,#N/A,#N/A,0
Bachelor,6,Amanda ,0,0,3,0,#N/A,#N/A,#N/A,#N/A,0
Bachelor,6,Amy ,0,0,1,0,0,0,0,0,0
Bachelor,6,Andrea ,0,0,5,0,#N/A,#N/A,#N/A,#N/A,0
Bachelor,6,Ashley ,0,0,2,0,#N/A,#N/A,#N/A,#N/A,0
Bachelor,6,Carolyn ,0,0,1,0,#N/A,#N/A,#N/A,#N/A,0
Bachelor,6,Cheresse ,0,0,6,0,#N/A,#N/A,#N/A,#N/A,0
Bachelor,6,Cynthia ,0,0,7,0,#N/A,#N/A,#N/A,#N/A,0
Bachelor,6,Elizabeth ,0,0,2,0,#N/A,#N/A,#N/A,#N/A,0
Bachelor,6,Heather ,0,0,1,0,0,0,0,0,0
Bachelor,6,Jayne ,0,0,5,0,#N/A,#N/A,#N/A,#N/A,0
Bachelor,6,Jennifer ,0,0,3,0,#N/A,#N/A,#N/A,#N/A,0
Bachelor,6,Kelley ,0,0,2,0,#N/A,#N/A,#N/A,#N/A,0
Bachelor,6,Kerry ,0,0,2,0,#N/A,#N/A,#N/A,#N/A,0
Bachelor,6,Kristie ,0,0,3,0,#N/A,#N/A,#N/A,#N/A,0
Bachelor,6,Kristin ,0,0,1,0,#N/A,#N/A,#N/A,#N/A,0
Bachelor,6,Krysta ,0,0,4,0,#N/A,#N/A,#N/A,#N/A,0
Bachelor,6,Leina ,0,0,2,0,#N/A,#N/A,#N/A,#N/A,0
Bachelor,6,Lisa ,0,0,1,0,N/A,0,N/A,N/A,0
Bachelor,6,Mary ,1,0,N/A,0,#N/A,#N/A,#N/A,#N/A,0
Bachelor,6,Melinda ,0,0,1,0,#N/A,#N/A,#N/A,#N/A,0
Bachelor,6,Natalie ,0,0,2,0,#N/A,#N/A,#N/A,#N/A,0
Bachelor,6,Nicole ,0,0,1,0,#N/A,#N/A,#N/A,#N/A,0
Bachelor,6,Susie ,0,0,3,0,#N/A,#N/A,#N/A,#N/A,0
Bachelor,6,Tanya ,0,1,8,0,#N/A,#N/A,#N/A,#N/A,0
Bachelor,6,Wende ,0,0,2,0,#N/A,#N/A,#N/A,#N/A,0
Bachelor,7,Anitra ,0,0,4,0,#N/A,#N/A,#N/A,#N/A,1
Bachelor,7,Brenda ,0,0,1,0,#N/A,#N/A,#N/A,#N/A,0
Bachelor,7,Carrie ,0,0,2,0,#N/A,#N/A,#N/A,#N/A,0
Bachelor,7,Danushka ,0,0,1,0,#N/A,#N/A,#N/A,#N/A,0
Bachelor,7,Debby ,0,0,1,0,#N/A,#N/A,#N/A,#N/A,0
Bachelor,7,Emilie ,0,0,1,0,#N/A,#N/A,#N/A,#N/A,0
Bachelor,7,Geitan ,0,0,1,0,#N/A,#N/A,#N/A,#N/A,0
Bachelor,7,Gina Marie ,0,0,2,0,#N/A,#N/A,#N/A,#N/A,0
Bachelor,7,Heather ,0,0,1,0,0,0,0,0,0
Bachelor,7,Jenny ,0,0,3,0,#N/A,#N/A,#N/A,#N/A,1
Bachelor,7,Kara ,0,0,3,0,#N/A,#N/A,#N/A,#N/A,1
Bachelor,7,Katie ,0,0,1,0,0,0,0,0,0
Bachelor,7,Kerry ,0,0,2,0,#N/A,#N/A,#N/A,#N/A,0
Bachelor,7,Kimberly ,0,0,5,0,#N/A,#N/A,#N/A,#N/A,3
Bachelor,7,Kindle ,0,0,4,0,#N/A,#N/A,#N/A,#N/A,1
Bachelor,7,Krisily ,0,1,7,0,#N/A,#N/A,#N/A,#N/A,2
Bachelor,7,Kristen ,0,0,2,0,#N/A,#N/A,#N/A,#N/A,0
Bachelor,7,Kristina ,0,0,1,0,0,0,0,0,0
Bachelor,7,Kristine ,0,0,1,0,#N/A,#N/A,#N/A,#N/A,0
Bachelor,7,Kyshawn ,0,0,1,0,#N/A,#N/A,#N/A,#N/A,0
Bachelor,7,Megan ,0,0,2,0,#N/A,#N/A,#N/A,#N/A,0
Bachelor,7,Sarah B,1,0,N/A,0,#N/A,#N/A,#N/A,#N/A,5
Bachelor,7,Sarah W ,0,0,6,0,#N/A,#N/A,#N/A,#N/A,2
Bachelor,7,Siomara ,0,0,1,0,#N/A,#N/A,#N/A,#N/A,0
Bachelor,7,Valerie ,0,0,1,0,#N/A,#N/A,#N/A,#N/A,0
Bachelor,8,Ali D,0,0,1,0,#N/A,#N/A,#N/A,#N/A,0
Bachelor,8,Allie G,0,0,1,0,#N/A,#N/A,#N/A,#N/A,0
Bachelor,8,April ,0,0,1,0,#N/A,#N/A,#N/A,#N/A,0
Bachelor,8,Cole ,0,0,2,0,#N/A,#N/A,#N/A,#N/A,0
Bachelor,8,Cortney ,0,0,1,0,#N/A,#N/A,#N/A,#N/A,0
Bachelor,8,Elizabeth ,0,0,2,0,#N/A,#N/A,#N/A,#N/A,0
Bachelor,8,Jaime ,0,0,1,0,#N/A,#N/A,#N/A,#N/A,0
Bachelor,8,Jehan ,0,0,4,0,#N/A,#N/A,#N/A,#N/A,1
Bachelor,8,Jennifer ,0,0,3,0,#N/A,#N/A,#N/A,#N/A,0
Bachelor,8,Kathy ,0,0,1,0,#N/A,#N/A,#N/A,#N/A,0
Bachelor,8,Kristen ,0,0,2,0,#N/A,#N/A,#N/A,#N/A,0
Bachelor,8,Kyle ,0,0,1,0,#N/A,#N/A,#N/A,#N/A,0
Bachelor,8,Lisa ,0,0,1,0,N/A,0,N/A,N/A,0
Bachelor,8,Liza ,0,0,1,0,#N/A,#N/A,#N/A,#N/A,0
Bachelor,8,Moana ,0,1,7,0,#N/A,#N/A,#N/A,#N/A,3
Bachelor,8,Princess ,0,0,1,0,#N/A,#N/A,#N/A,#N/A,0
Bachelor,8,Sara H,0,0,1,0,#N/A,#N/A,#N/A,#N/A,0
Bachelor,8,Sarah B,0,0,5,0,#N/A,#N/A,#N/A,#N/A,1
Bachelor,8,Sarah S,1,0,N/A,0,Journalist,"Nelson, British Columbia",30,0,4
Bachelor,8,Shiloh ,0,0,3,0,#N/A,#N/A,#N/A,#N/A,0
Bachelor,8,Stephanie ,0,0,1,0,#N/A,#N/A,#N/A,#N/A,0
Bachelor,8,Susan ,0,0,6,0,#N/A,#N/A,#N/A,#N/A,2
Bachelor,8,Tara ,0,0,4,0,#N/A,#N/A,#N/A,#N/A,1
Bachelor,8,Venus ,0,0,1,0,#N/A,#N/A,#N/A,#N/A,0
Bachelor,8,Yvonne ,0,0,2,0,#N/A,#N/A,#N/A,#N/A,0
Bachelor,9,AGNESE P,0,0,5,0,Student,"Venice, Italy",24,0,1
Bachelor,9,ANDREA S,0,0,1,0,Hotel concierge,"Cincinnati, Ohio",28,0,0
Bachelor,9,APRIL J,0,0,1,0,Model,"Chicago, Illinois",23,0,0
Bachelor,9,BOWE N,0,0,1,0,Beer chemist,"Columbus, Ohio",28,0,0
Bachelor,9,CARISSA I,0,0,1,0,Attorney,"Cattaraugus, New York",25,0,0
Bachelor,9,CLAUDIA G,0,0,1,0,Restaurateur,"Boca Raton, Florida",22,0,0
Bachelor,9,COSETTA B,0,0,1,0,Dancer,Italy,0,0,0
Bachelor,9,DESIREE V,0,0,4,0,Realtor,"Salt Lake City, Utah",22,0,0
Bachelor,9,ELLEN D,0,0,2,0,Realtor,"New Haven, Connecticut",30,0,0
Bachelor,9,ELYSE H,0,0,1,0,Physician,"New York, New York",27,0,0
Bachelor,9,ERICA R,0,0,3,0,Socialite,"Houston, Texas",23,0,0
Bachelor,9,GINA C,0,0,3,0,Ultrasound technician,"Chicago, Illinois",28,0,0
Bachelor,9,HEATHER S,0,0,1,0,Registered nurse,"Aliquippa, Pennsylvania",34,0,0
Bachelor,9,JAMI M,0,0,3,0,Event planner,"Galveston, Texas",27,0,0
Bachelor,9,JEANETTE P,0,0,4,0,Teacher,"Bloomingdale, Illinois",23,0,1
Bachelor,9,JENNIFER W,1,0,N/A,0,Teacher,"Pembroke Pines, Florida",24,0,5
Bachelor,9,JESSICA H,0,0,1,0,Attorney,"Pearsall, Texas",25,0,0
Bachelor,9,KIM J,0,0,2,0,Interior designer,"Newport Beach, California",27,0,0
Bachelor,9,LAURA M,0,0,1,0,Dolphin trainer,"San Diego, California",29,0,0
Bachelor,9,LISA B,0,0,6,1,Marketing manager,"Portland, Oregon",25,0,3
Bachelor,9,MERI B,0,0,1,0,Attorney,"Biloxi, Mississippi",27,0,0
Bachelor,9,RENEE S,0,0,1,0,Broadcast marketer,"Baltimore, Maryland",30,0,0
Bachelor,9,RITA G,0,0,1,0,Policy advisor,"Richmond, Virginia",29,0,0
Bachelor,9,ROSELLA F,0,0,1,0,Make-up artist,"Chicago, Illinois",27,0,0
Bachelor,9,SADIE M,0,1,7,0,Publicist,"Carlsbad, California",23,0,4
Bachelor,9,SARAH S,0,0,2,0,Journalist,"Nelson, British Columbia",30,0,0
Bachelor,9,TARA D,0,0,1,0,Realtor,"St. Augustine, Florida",24,0,0
Bachelor,10,ALEXIS Y,0,0,2,0,Attorney,"Southlake, Texas",26,0,0
Bachelor,10,AMANDA H,0,0,3,0,Financial analyst,"Dallas, Texas",26,0,0
Bachelor,10,AMBER A,0,0,6,0,Teacher,"Sugar Land, Texas",23,0,1
Bachelor,10,BEVIN P,0,1,8,0,Assistant,"Palo Alto, California",28,0,2
Bachelor,10,BLAKENEY R,0,0,1,0,Radio sales,"Birmingham, Alabama",29,0,0
Bachelor,10,CANDICE D,0,0,1,0,Waitress,"Hilton Head Island, South Carolina",23,0,0
Bachelor,10,CATHERINE W,0,0,1,0,Former Miss Illinois,"Lake Forest, Illinois",23,0,0
Bachelor,10,DANIELLE I,0,0,7,0,Graphic Designer,"Bethel, Connecticut",25,0,1
Bachelor,10,DANIELLE V,0,0,1,0,Attorney,"Bronx, New York",26,0,0
Bachelor,10,ERIN P,0,0,3,0,Financial analyst,"Logansport, Louisiana",24,0,0
Bachelor,10,JACKIE T,0,0,1,0,Executive coordinator,"Minneapolis, Minnesota",23,0,0
Bachelor,10,JEANETTE A,0,0,1,0,Health care manager,"Tampa, Florida",27,0,0
Bachelor,10,JESSICA D,0,0,1,0,Hedge fund analyst,"New York, New York",32,0,0
Bachelor,10,KATE B,0,0,4,0,Boutique owner,"Ravenel, South Carolina",24,0,0
Bachelor,10,LINDA M,0,0,1,0,Attorney,"Cuyahoga Falls, Ohio",33,0,0
Bachelor,10,LINDSAY S,0,0,1,0,Student,"Lawrence, Kansas",22,0,0
Bachelor,10,NICOLE C,0,0,4,0,Sales Manager,"Charleston, SC",26,0,0
Bachelor,10,PEYTON W,0,0,3,0,Sorority recruiter,"La Vergne, Tennessee",24,0,0
Bachelor,10,STEPHANIE T,0,0,4,1,Organ donor coordinator,"Folly Beach, South Carolina",27,0,2
Bachelor,10,STEPHANIE W,0,0,5,0,Project Manager,"Overland Park, Kansas",23,0,0
Bachelor,10,SUSAN A,0,0,2,0,Boutique manager,"The Woodlands, Texas",23,0,0
Bachelor,10,TESSA H,1,0,N/A,0,Social Worker,"San Francisco, California",26,0,5
Bachelor,10,TIFFANY F,0,0,1,0,Real estate sales/development,"St. Louis Park, Minnesota",27,0,0
Bachelor,10,TIFFANY W,0,0,2,0,Medical equipment sales rep,"Boston, Massachusetts",28,0,0
Bachelor,10,TINA W,0,0,5,0,Medical student,"Los Angeles, California",26,0,0
Bachelor,11,BETTINA B,0,0,7,0,Realtor,"Washington, D.C.",27,0,3
Bachelor,11,DEANNA P,0,1,8,0,Realtor,"Newnan, Georgia",25,0,4
Bachelor,11,ERIN G,0,0,2,0,Publishing sales executive,"Tampa, Florida",25,0,0
Bachelor,11,HILARY R,0,0,5,0,Registered nurse,"Philadelphia, Pennsylvania",27,0,1
Bachelor,11,JADE B,0,0,4,0,Boutique sales worker,"Nashville, Tennessee",24,0,0
Bachelor,11,JENNI C,0,1,8,1,Phoenix Suns¬†Cheerleader,"Wichita, Kansas",27,0,4
Bachelor,11,JESSICA K,0,0,1,0,Student,"Cincinnati, Ohio",21,0,0
Bachelor,11,JULI G,0,0,1,0,Law student,"Chicago, Illinois",24,0,0
Bachelor,11,KIM O,0,0,1,0,Realtor,"Woodbridge, Connecticut",31,0,0
Bachelor,11,KRISTY K,0,0,3,0,Acupuncturist,"Gurnee, Illinois",29,0,1
Bachelor,11,LINDSEY H,0,0,3,0,Model,"Livonia, Michigan",25,0,0
Bachelor,11,LORI L,0,0,1,0,Biology teacher,"Annapolis, Maryland",33,0,0
Bachelor,11,MALLORY S,0,0,2,0,Nanny,"Honolulu, Hawaii",24,0,0
Bachelor,11,MCCARTEN D,0,0,4,0,Account manager,"Lemon Grove, California",26,0,0
Bachelor,11,MELISSA B,0,0,1,0,Event planner,"Westchester, New York",28,0,0
Bachelor,11,MICHELE L,0,0,2,0,Realtor,"South Brunswick, New Jersey",30,0,0
Bachelor,11,MORGAN B,0,0,1,0,Graduate student,"Tempe, Arizona",24,0,0
Bachelor,11,NATALIE V,0,0,1,0,Law student,"Duncanville, Texas",25,0,0
Bachelor,11,REGINA D,0,0,1,0,Account representative,"San Diego, California",31,0,0
Bachelor,11,SARAH N,0,0,3,0,Bar manager,"O'Fallon, Illinois",23,0,1
Bachelor,11,SHEENA S,0,0,6,0,Internet marketing executive,"Walnut Creek, California",23,0,1
Bachelor,11,SOLISA S,0,0,3,0,Esthetician,"Georgetown, Texas",25,0,0
Bachelor,11,STEPHY K,0,0,4,0,Executive assistant,"Atlanta, Georgia",26,0,1
Bachelor,11,SUSAN S,0,0,1,0,Project analyst,"St. Charles, Illinois",35,0,0
Bachelor,11,TAUNI N,0,0,1,0,Emergency room nurse,"St. Louis Park, Minnesota",31,0,0
Bachelor,12,ALYSSA G,0,0,1,0,Biology student,"Boise, Idaho",24,0,0
Bachelor,12,AMANDA P,0,0,1,0,Law student,"LaFollette, Tennessee",26,0,0
Bachelor,12,AMANDA R,0,0,7,1,Account Executive,"Niceville, Florida",27,0,3
Bachelor,12,AMY R,0,0,3,0,Nanny,"Stockton, California",22,0,0
Bachelor,12,ASHLEE W,0,0,4,0,Singer-songwriter,"Jacksonville Beach, Florida",22,0,1
Bachelor,12,CARRI P,0,0,2,0,Church marketing rep.,"Oklahoma City, Oklahoma",25,0,0
Bachelor,12,CHELSEA W,0,1,8,0,Pharmaceutical sales rep.,"Durango, Colorado",25,0,5
Bachelor,12,DENISE H,0,0,1,0,Attorney and former¬†White House¬†aide,"Washington, D.C",30,0,0
Bachelor,12,DEVON A,0,0,1,0,Makeup artist,"Austin, Texas",24,0,0
Bachelor,12,ERIN H,0,0,2,0,Event planner,"Seattle, Washington",25,0,0
Bachelor,12,ERIN S,0,0,3,0,Hot-dog vendor,"Venice, California",33,0,0
Bachelor,12,HOLLY D,0,0,4,0,Children's book author,"Suffield, Ohio",24,0,1
Bachelor,12,KELLY D,0,0,1,0,Medical sales rep.,"Hollywood, California",25,0,0
Bachelor,12,KRISTINE H,0,0,3,0,Personal trainer,"Dillsburg, Pennsylvania",33,0,0
Bachelor,12,LESLEY G,0,0,1,0,Youth minister,"Tampa, Florida",23,0,0
Bachelor,12,MARSHANA R,0,0,5,0,Fashion designer,"Brooklyn, New York",27,0,1
Bachelor,12,MICHELE R,0,0,1,0,Interior designer,"Laguna Niguel, California",33,0,0
Bachelor,12,MICHELLE P,0,0,2,0,Administrative assistant,"Syracuse, New York",28,0,0
Bachelor,12,NOELLE D,0,0,6,0,Photographer,"Loveland, Colorado",26,0,1
Bachelor,12,REBECCA L,0,0,1,0,Attorney,"Alamo, California",30,0,0
Bachelor,12,ROBIN C,0,0,4,0,Advertising coordinator,"Holland, Michigan",22,0,1
Bachelor,12,SHAYNE L,1,0,N/A,0,Actress,"Malibu, California",22,0,4
Bachelor,12,STACEY E,0,0,1,0,Graduate student,"Chicago, Illinois",26,0,0
Bachelor,12,TAMARA S,0,0,1,0,Cocktail waitress,"Beverly Hills, California",23,0,0
Bachelor,12,TIFFANY T,0,0,1,0,Real estate marketing rep.,"San Francisco, California",33,0,0
Bachelor,13,ANN L,0,0,1,0,Flight Attendant,"Phoenix, Arizona",24,0,0
Bachelor,13,DOMINIQUE C,0,0,1,0,Medical Sales Rep.,"Mt. Carmel, Pennsylvania",26,0,0
Bachelor,13,EMILY H,0,0,1,0,Casino Marketing Rep.,"Seattle, Washington",23,0,0
Bachelor,13,ERICA D,0,0,3,0,Account Executive,"Monroe, Connecticut",25,0,0
Bachelor,13,JACKIE H,0,0,1,0,Wedding Coordinator,"Springfield, Massachusetts",26,0,0
Bachelor,13,JILLIAN H,0,0,7,0,Interior Designer,"Peace River, Alberta",29,0,2
Bachelor,13,JULIE D,0,0,1,0,Professional Cheerleader,"Sacramento, California",24,0,0
Bachelor,13,KARI F,0,0,3,0,Account Executive,"Lee's Summit, Missouri",27,0,0
Bachelor,13,LAUREN W,0,0,4,0,Teacher,"Marlboro, New Jersey",27,0,0
Bachelor,13,LISA G,0,0,2,0,Public Relations Associate,"Boise, Idaho",28,0,0
Bachelor,13,MEGAN P,0,0,4,0,Single Mother and Lacrosse Coach,"Sewickley,Pennsylvania",25,0,0
Bachelor,13,MELISSA R,1,0,N/A,0,Sales Representative,"Dallas, Texas",25,0,5
Bachelor,13,MOLLY M,0,1,8,0,Department Store Buyer,"Brookfield, Wisconsin",24,0,2
Bachelor,13,NAOMI C,0,0,6,0,Flight Attendant,"Carlsbad, California",24,0,2
Bachelor,13,NATALIE G,0,0,3,0,Human Resources Recruiter,"Morton, Illinois",27,0,0
Bachelor,13,NICOLE M,0,0,1,0,Menswear Buyer,"Calgary, Alberta",25,0,0
Bachelor,13,NIKKI K,0,0,4,1,Administrative Assistant,"Blue Island, Illinois",29,0,1
Bachelor,13,RAQUEL M,0,0,2,0,Medical Student,"Recife, Pernambuco, Brazil",27,0,0
Bachelor,13,RENEE S,0,0,1,0,Broadcast marketer,"Baltimore, Maryland",30,0,0
Bachelor,13,SHANNON B,0,0,4,0,Dental Hygienist,"Marshall, Missouri",29,0,0
Bachelor,13,SHARON S,0,0,2,0,Teacher,"Batavia, New York",32,0,0
Bachelor,13,SHELBY G,0,0,1,0,Account Executive,"Stockton, California",23,0,0
Bachelor,13,STACIA M,0,0,1,0,Single Mother & Charity Accountant,"Orem, Utah",24,0,0
Bachelor,13,STEPHANIE H,0,0,5,0,Single Mother & Medical Marketing Rep.,"Huntsville, Alabama",34,0,2
Bachelor,13,TREASURE M,0,0,1,0,Single Mother and Nurse Practitioner,"Salt Lake City, Utah",28,0,0
Bachelor,14,ALI F,0,0,6,0,Advertising Account Manager,"Williamstown, Massachusetts",25,0,2
Bachelor,14,ASHLEIGH H,0,0,4,0,Account Manager,"North Potomac, Maryland",25,0,0
Bachelor,14,ASHLEY E,0,0,2,0,Teacher,"Pittsburgh, Pennsylvania",29,0,0
Bachelor,14,CAITLYN M,0,0,1,0,Spokesmodel,"Winfield, Illinois",24,0,0
Bachelor,14,CHANNY C,0,0,1,0,Mortgage Loan Officer,"Santa Rosa, California",29,0,0
Bachelor,14,CORRIE A,0,0,5,0,Wardrobe Consultant,"Kissimmee, Florida",23,0,0
Bachelor,14,CRISTINA M,0,0,2,0,Restaurant Manager,"San Diego, California",25,0,0
Bachelor,14,ELIZABETH KI,0,0,3,0,Nanny,"Imperial, Nebraska",29,0,1
Bachelor,14,ELIZABETH KR,0,0,1,0,"Captain, Air National Guard","Union, Kentucky",29,0,0
Bachelor,14,ELLA N,0,0,4,0,Hair Stylist,"La Follette, Tennessee",30,0,1
Bachelor,14,EMILY H,0,0,1,0,Casino Marketing Rep.,"Seattle, Washington",23,0,0
Bachelor,14,GIA A,0,0,7,0,Swimsuit Model,"New York, New York",26,0,2
Bachelor,14,JESSIE S,0,0,4,0,Cosmetic Sales Manager,"Oakville, Ontario",25,0,0
Bachelor,14,KATHRYN S,0,0,4,0,Corporate Flight Attendant,"Lexington, Kentucky",25,0,0
Bachelor,14,KIMBERLY S,0,0,1,0,NBA Dancer,"Norman, Oklahoma",24,0,0
Bachelor,14,KIRSTEN P,0,0,1,0,Waitress,"Aurora, Colorado",25,0,0
Bachelor,14,LEX M,0,0,1,0,Entrepreneur,"Galloway, Ohio",25,0,0
Bachelor,14,MICHELLE K ,0,0,3,0,#N/A,#N/A,#N/A,#N/A,0
Bachelor,14,ROZLYN P,0,0,2,0,Model/Make-Up Artist,"Richmond, Virginia",28,0,0
Bachelor,14,SHEILA L,0,0,1,0,Commercial Pilot,"Scottsdale, Arizona",25,0,0
Bachelor,14,STEPHANIE M,0,0,1,0,Dance Teacher,"Morris, Illinois",24,0,0
Bachelor,14,TENLEY M,0,1,8,1,College Admissions,"Newberg, Oregon",25,0,5
Bachelor,14,TIANA K,0,0,1,0,Medical Technician,"Calgary, Alberta",31,0,0
Bachelor,14,VALISHIA S,0,0,3,0,Homemaker,"San Bernardino, California",32,0,0
Bachelor,14,VIENNA G,1,0,N/A,0,Marketing Representative,"Geneva, Florida",23,0,4
Bachelor,15,ALLI T,0,0,6,0,Apparel merchant,"Columbus, Ohio",24,0,0
Bachelor,15,ASHLEU H,0,0,9,0,Dental Student,"Madawaska, Maine",26,0,3
Bachelor,15,ASHLEY S,0,0,4,0,Nanny,"Ellerbe, North Carolina",26,0,2
Bachelor,15,BRITNEE X,0,0,1,0,Paralegal,"Holland, Pennsylvania",25,0,0
Bachelor,15,BRITT B,0,0,7,0,Food writer,"Woodinville, Washington",25,0,1
Bachelor,15,CHANTAL O,0,1,10,0,Executive Assistant,"Mercer Island, Washington",28,0,2
Bachelor,15,CRISTY C,0,0,1,0,Attorney,"Davie, Florida",30,0,0
Bachelor,15,EMILY M,1,0,N/A,0,Children's Hospital Event Planner,"Morgantown, West Virginia",25,0,7
Bachelor,15,JACKIE G,0,0,6,0,Artist,"Newport, Rhode Island",26,0,1
Bachelor,15,JESSICA A,0,0,1,0,Operations Manager,"Seattle, Washington",26,0,0
Bachelor,15,KELTIE C,0,0,2,0,Radio City Rockette,"Sherwood Park, Alberta",28,0,0
Bachelor,15,KILL R,0,0,1,0,Sales director,"Frisco, Texas",28,0,0
Bachelor,15,KIMBERLY C,0,0,3,0,Marketing Coordinator,"Orlando, Florida",27,0,0
Bachelor,15,LACEY G,0,0,1,0,Insurance agent,"Tampa, Florida",27,0,0
Bachelor,15,LAUREN M,0,0,1,0,High School Teacher,"Culpeper, Virginia",26,0,0
Bachelor,15,LINDSAY H,0,0,4,0,First grade teacher,"Plano, Texas",25,0,0
Bachelor,15,LISA M,0,0,5,0,Marketing Coordinator,"Ottawa, Kansas",24,0,0
Bachelor,15,LISA P,0,0,1,0,Sales Consultant,"Dix Hills, New York",27,0,0
Bachelor,15,MADISON G,0,0,3,0,Model,"Vail, Colorado",25,0,0
Bachelor,15,MARISSA M,0,0,5,0,Sports Publicist,"Mesa, Arizona",26,0,0
Bachelor,15,MEGHAN M,0,0,4,0,Fashion Marketer,"Princeton, New Jersey",30,0,0
Bachelor,15,MELISSA S,0,0,2,0,Waitress,"Westport, Connecticut",32,0,0
Bachelor,15,MICHELLE M,0,0,7,0,Hair stylist,"Salt Lake City, Utah",30,0,2
Bachelor,15,RAICHHEL G,0,0,2,0,Manscaper,"Fullerton, California",29,0,0
Bachelor,15,REBECCA X,0,0,1,0,Esthetician,"Mission Viejo, California",30,0,0
Bachelor,15,RENEE H,0,0,1,0,Nanny,"Palos Hills, Illinois",28,0,0
Bachelor,15,SARAH L,0,0,1,0,Musical Theatre Performer,"Saginaw, Michigan",25,0,0
Bachelor,15,SARAH P,0,0,3,0,Real Estate Broker,"Denver, Colorado",27,0,0
Bachelor,15,SHAWNTEL N,0,0,8,0,Funeral Director,"Chico, California",25,0,3
Bachelor,15,STACEY Q,0,0,4,0,Bartender,"Quincy, Massachusetts",26,0,0
Bachelor,16,AMBER B,0,0,1,0,Labor and delivery nurse,"Port Coquitlam, British Columbia",23,0,0
Bachelor,16,AMBER T,0,0,1,0,Critical care nurse,"Waverly, Nebraska",28,0,0
Bachelor,16,ANNA S,0,0,1,0,Student,"Detroit, Michigan",25,0,0
Bachelor,16,BLAKELEY J,0,0,6,0,VIP cocktail waitress,"Rutherfordton, North Carolina",33,0,1
Bachelor,16,BRITTNEY S,0,0,3,0,Medical sales representative,"Colorado Springs, Colorado",26,0,0
Bachelor,16,CASEY S,0,0,6,0,Trading clerk,"Leawood, Kansas",26,0,0
Bachelor,16,COURTNEY R,1,0,N/A,0,Model,"Scottsdale, Arizona",28,0,6
Bachelor,16,DIANNA M,0,0,1,0,Nonprofit director,"San Gabriel, California",30,0,0
Bachelor,16,ELYSE M,0,0,5,0,Personal trainer,"Chicago, Illinois",24,0,0
Bachelor,16,EMILY O,0,0,7,0,PhD Student,"Chapel Hill, North Carolina",27,0,1
Bachelor,16,ERIKA U,0,0,3,0,Law student,"Charlottesville, Virginia",23,0,0
Bachelor,16,HOLLY J,0,0,1,0,Pharmaceutical sales representative,"Salyersville, Kentucky",34,0,0
Bachelor,16,JACLYN S,0,0,3,0,Advertising account manager,"Newton, Massachusetts",27,0,0
Bachelor,16,JAMIE O,0,0,6,0,Registered nurse,"Dryden, New York",25,0,0
Bachelor,16,JENNA B,0,0,2,0,Blogger,"Loveland, Ohio",27,0,0
Bachelor,16,JENNIFER F,0,0,5,0,Accountant,"Cache, Oklahoma",28,0,1
Bachelor,16,KACIE B,0,0,3,0,Administrative assistant,"Clarksville, Tennessee",24,0,4
Bachelor,16,LINDZI C,0,1,10,1,Business development manager,"Newcastle, Washington",27,0,6
Bachelor,16,LYNDSIE J,0,0,1,0,Internet entrepreneur,"London, England",29,0,0
Bachelor,16,MONICA S,0,0,4,0,Dental consultant,"Yuba, California",33,0,0
Bachelor,16,NICKI S,0,0,9,0,Dental hygienist,"Hurst, Texas",26,0,2
Bachelor,16,RACHEL T,0,0,4,0,Fashion sales representative,"Southampton, Massachusetts",27,0,3
Bachelor,16,SAMANTHA L,0,0,4,0,Advertising account manager,"Pittsburgh, Pennsylvania",26,0,0
Bachelor,16,SHAWN R,0,0,2,0,Financial advisor,"Cincinnati, Ohio",28,0,0
Bachelor,16,SHIRA A,0,0,1,0,Actress,"Massapequa Park, New York",35,0,0
Bachelor,17,AMANDA M,0,0,4,0,Event Planner,"Chanute, Kansas",23,0,0
Bachelor,17,ASHLEE F,0,0,9,0,Personal Organizer,"Houston, Texas",32,0,3
Bachelor,17,ASHLEY H,0,0,1,0,Fashion Model,"Garner, North Carolina",25,0,0
Bachelor,17,ASHLEY P,0,0,1,0,Hair Stylist,"Macomb, Michigan",28,0,0
Bachelor,17,BROOKE B,0,0,2,0,Community Organizer,"Pittsburgh, Pennsylvania",25,0,0
Bachelor,17,CATHERINE G,1,0,N/A,1,Graphic Designer,"Seattle, Washington",26,0,5
Bachelor,17,DANIELLA M,0,0,6,0,Commercial Casting Associate,"Belmont, California",24,0,1
Bachelor,17,DESIREE H,0,0,8,0,Bridal Stylist,"Northglenn, Colorado",26,0,2
Bachelor,17,DIANA W,0,0,2,0,Salon Owner,"Sandy, Utah",31,0,0
Bachelor,17,JACKIE P,0,0,5,0,Cosmetics Consultant,"Ormond Beach, Florida",25,0,0
Bachelor,17,KACIE B,0,0,3,0,Administrative assistant,"Clarksville, Tennessee",24,0,1
Bachelor,17,KELLY D,0,0,1,0,Medical sales rep.,"Hollywood, California",25,0,0
Bachelor,17,KERIANN M,0,0,1,0,Entrepreneur,"Agoura Hills, California",29,0,0
Bachelor,17,KRISTY K,0,0,3,0,Acupuncturist,"Gurnee, Illinois",29,0,0
Bachelor,17,LACEY L,0,0,1,0,Graduate Student,"Stevenson Ranch, California",24,0,0
Bachelor,17,LATIE L,0,0,2,0,Yoga Instructor,"Woodstock, Illinois",27,0,0
Bachelor,17,LAUREN M,0,0,1,0,High School Teacher,"Culpeper, Virginia",26,0,0
Bachelor,17,LESLEY M,0,0,7,0,Political Consultant,"Fort Smith, Arkansas",24,0,2
Bachelor,17,LESLIE H,0,0,4,0,Poker Dealer,"Ruskin, Florida",28,0,0
Bachelor,17,LINDSAY Y,0,1,10,0,Substitute Teacher,"Fort Bragg, North Carolina",24,0,5
Bachelor,17,PAIGE V,0,0,1,0,Jumbotron Operator,"Minnetonka, Minnesota",25,0,0
Bachelor,17,ROBYN H,0,0,5,0,Oil Field Account Manager,"Topeka, Kansas",24,0,0
Bachelor,17,SARAH H,0,0,6,0,Advertising Executive,"Evergreen, Colorado",26,0,1
Bachelor,17,SLEMA A,0,0,6,0,Real Estate Dealer,"Borrego Springs, California",29,0,1
Bachelor,17,TARYN D,0,0,3,0,Health Club Manager,"Troutdale, Oregon",30,0,0
Bachelor,17,TIERRA L,0,0,7,0,Leasing Consultant,"Las Vegas, Nevada",24,0,2
Bachelor,18,ALEXIS M,0,0,1,0,Communications Director/NHL¬†Ice Girl,"Tampa, Florida",24,0,0
Bachelor,18,ALLI R,0,0,5,0,Nanny,"Orland Park, Illinois",26,0,0
Bachelor,18,AMY J,0,0,1,0,Massage Therapist,"Apopka, Florida",31,0,0
Bachelor,18,AMY L,0,0,2,0,Local News Reporter,"Clermont, Florida",27,0,0
Bachelor,18,ANDI D,0,0,9,0,Assistant District Attorney,"Buckhead, Georgia",26,0,4
Bachelor,18,ASHLEY P,0,0,1,0,Hair Stylist,"Macomb, Michigan",28,0,0
Bachelor,18,CASSANDRA F,0,0,6,0,Former NBA Dancer,"Shelby Charter Township, Michigan",22,0,1
Bachelor,18,CHANTEL F,0,0,2,0,Account Manager,"Miami, Florida",27,0,0
Bachelor,18,CHELSIE W,0,0,7,0,Science Educator,"Lexington, Ohio",24,0,1
Bachelor,18,CHRISTINE L,0,0,1,0,Police Support Specialist,"Miami, Florida",23,0,0
Bachelor,18,CHRISTY H,0,0,3,0,Marketing Manager,"Aurora, Illinois",24,0,0
Bachelor,18,CLARE C,0,1,10,0,Hairstylist,"Sacramento, California",32,0,5
Bachelor,18,DANIELLE R,0,0,5,0,Psychiatric Nurse,"Litchfield, Illinois",25,0,0
Bachelor,18,ELISE M,0,0,4,0,First Grade Teacher,"Forty Fort, Pennsylvania",27,0,0
Bachelor,18,KAT H,0,0,6,0,Medical Sales Representative/NBA Dancer,"Iowa City, Iowa",29,0,1
Bachelor,18,KELLY T,0,0,5,0,Dog Lover,"Conyers, Georgia",27,0,1
Bachelor,18,KYLIE L,0,0,1,0,Interior Designer,"Rockford, Illinois",23,0,0
Bachelor,18,LACY F,0,0,1,0,Nursing Home Owner,"Antelope Acres, California",25,0,0
Bachelor,18,LAUREN H,0,0,1,0,Mineral Coordinator,"Edmond, Oklahoma",25,0,0
Bachelor,18,LAUREN S,0,0,4,0,Music Composer,"Austin, Texas",26,0,0
Bachelor,18,LUCY A,0,0,3,0,Free Spirit,"Santa Barbara, California",25,0,0
Bachelor,18,MAGGIE G,0,0,1,0,Personal Banker,"Wagener, South Carolina",25,0,0
Bachelor,18,NIKKI F,1,0,N/A,0,Pediatric Nurse,"Kearney, Missouri",26,0,7
Bachelor,18,RENEE O,0,0,8,0,Real Estate Agent,"Martha's Vineyard, Massachusetts",32,0,1
Bachelor,18,SHARLEEN J,0,0,7,1,Opera Singer,"Ottawa, Ontario",29,0,3
Bachelor,18,VALERIE E,0,0,1,0,Personal Trainer,"Sutter, California",26,0,0
Bachelor,18,VICTORIA L,0,0,2,0,Legal Assistant,"Porto Alegre, Brazil",24,0,0
Bachelor,19,ALISSA G,0,0,2,0,Flight Attendant,"Hamilton, New Jersey",24,0,0
Bachelor,19,AMANDA G,0,0,1,0,Ballet Teacher,"Lake in the Hills, Illinois",24,0,0
Bachelor,19,AMBER J,0,0,4,0,Bartender,"Kankakee, Illinois",29,0,0
Bachelor,19,ASHLEY I,0,0,6,0,Nanny/Freelance Journalist,"Great Falls, Virginia",26,0,0
Bachelor,19,ASHLEY S,0,0,4,0,Nanny,"Ellerbe, North Carolina",26,0,0
Bachelor,19,BECCA T,0,1,10,0,Chiropractic Assistant,"Shreveport, Louisiana",25,0,5
Bachelor,19,BO S,0,0,1,0,Plus-Size Model,"Carpinteria, California",25,0,0
Bachelor,19,BRITT N,0,0,7,1,Waitress,"Wolcott Mills, Michigan",27,0,3
Bachelor,19,BRITTANY F,0,0,3,0,WWE Diva-in-Training,"Temecula, California",26,0,0
Bachelor,19,CARLY W,0,0,7,0,Cruise Ship Singer,"Arlington, Texas",29,0,1
Bachelor,19,JADE R,0,0,8,0,Cosmetics Developer,"Gering, Nebraska",28,0,2
Bachelor,19,JILIAN A,0,0,4,0,News Producer,"Howland, Ohio",25,0,0
Bachelor,19,JORDAN B,0,0,2,0,Student,"Windsor, Colorado",24,0,0
Bachelor,19,JUELIA K,0,0,4,0,Esthetician,"Beaverton, Oregon",30,0,0
Bachelor,19,KAITLYN B,0,0,9,0,Dance Instructor,"Leduc, Alberta",29,0,5
Bachelor,19,KARA W,0,0,1,0,High School Soccer Coach,"Brownsville, Kentucky",25,0,0
Bachelor,19,KELSEY P,0,0,6,0,Guidance Counselor,"Hudsonville, Michigan",28,0,0
Bachelor,19,KIMBERLY S,0,0,1,0,NBA Dancer,"Norman, Oklahoma",24,0,0
Bachelor,19,MACKENZIE D,0,0,5,0,Dental Assistant,"Maple Valley, Washington",21,0,2
Bachelor,19,MEGAN B,0,0,6,0,Make-Up Artist,"Nashville, Tennessee",24,0,1
Bachelor,19,MICHELLE D,0,0,1,0,Wedding Cake Baker,"Provo, Utah",25,0,0
Bachelor,19,NICOLE M,0,0,1,0,Menswear Buyer,"Calgary, Alberta",25,0,0
Bachelor,19,NIKKI D,0,0,4,0,Former NFL Cheerleader,"Hasbrouck Heights, New Jersey",26,0,0
Bachelor,19,REEGAN C,0,0,1,0,Cadaver Tissue Saleswoman,"Manhattan Beach, California",28,0,0
Bachelor,19,SAMANTHA S,0,0,5,0,Fashion Designer,"Indianapolis, Indiana",27,0,0
Bachelor,19,TANDRA S,0,0,2,0,Executive Assistant,"Sandy, Utah",30,0,0
Bachelor,19,TARA E,0,0,2,0,Sport Fishing Enthusiast,"Fort Lauderdale, Florida",26,0,0
Bachelor,19,TRACY D,0,0,3,0,Fourth Grade Teacher,"Wellington, Florida",29,0,0
Bachelor,19,TRINA S,0,0,3,0,Special Education Teacher,"Algonquin, Illinois",33,0,0
Bachelor,19,WHITNEY B,1,0,N/A,0,Fertility Nurse,"Louisville, Kentucky",29,0,6
Bachelor,20,AMANDA S,0,0,8,0,Esthetician,"Rancho Santa Margarita, California",25,0,3
Bachelor,20,AMBER J,0,0,4,0,Bartender,"Kankakee, Illinois",29,0,1
Bachelor,20,BECCA T,0,0,8,0,Chiropractic Assistant,"Shreveport, Louisiana",25,0,1
Bachelor,20,BREANNE R,0,0,1,0,Nutritional Therapist,"Seattle, Washington",30,0,0
Bachelor,20,CAILA Q,0,0,9,0,Software Sales Representative,"Hudson, Ohio",24,0,3
Bachelor,20,EMILY F,0,0,7,0,Waitress,"Las Vegas, Nevada",23,0,1
Bachelor,20,HAYLEY F,0,0,4,0,#N/A,#N/A,#N/A,#N/A,0
Bachelor,20,IZZY G,0,0,1,0,Graphic Designer,"Branford, Connecticut",24,0,0
Bachelor,20,JACKIE D,0,0,2,0,Gerontologist,"Newport Beach, California",23,0,0
Bachelor,20,JAMI L,0,0,3,0,Bartender,"St. Albert, Alberta",23,0,0
Bachelor,20,JENNIFER S,0,0,5,0,Small Business Owner,"Lauderdale Lakes, Florida",25,0,0
Bachelor,20,JESSICA M,0,0,1,0,Accountant,"Boca Raton, Florida",23,0,0
Bachelor,20,JOJO F,0,1,10,0,Real Estate Developer,"Dallas, Texas",24,0,5
Bachelor,20,JUBILEE S,0,0,5,0,War Veteran,"Fort Lauderdale, Florida",24,0,1
Bachelor,20,LACE M,0,0,3,0,Real Estate Agent,"Denver, Colorado",25,0,0
Bachelor,20,LAURA E,0,0,1,0,Account Executive,"Louisville, Kentucky",24,0,0
Bachelor,20,LAUREN B,1,0,N/A,0,Flight Attendant,"West Linn, Oregon",25,0,6
Bachelor,20,LAUREN H,0,0,1,0,Mineral Coordinator,"Edmond, Oklahoma",25,0,1
Bachelor,20,LAUREN R,0,0,1,0,Math Teacher,"Houston, Texas",26,0,0
Bachelor,20,LB B,0,0,2,0,Fashion Buyer,"Stillwater, Oklahoma",23,0,0
Bachelor,20,LEAH B,0,0,6,0,Event Planner,"Greenwood Village, Colorado",25,0,0
Bachelor,20,MAEGAN M,0,0,1,0,Cowgirl,"Visalia, California",30,0,0
Bachelor,20,MANDI K,0,0,2,0,Dentist,"Portland, Oregon",28,0,0
Bachelor,20,OLIVIA C,0,0,6,1,Former News Anchor,"Bristol, Virginia",23,0,3
Bachelor,20,RACHEL T,0,0,4,0,Fashion sales representative,"Southampton, Massachusetts",27,0,0
Bachelor,20,SAMANTHA P,0,0,2,0,Attorney,"New Smyrna Beach, Florida",26,0,0
Bachelor,20,SHUSHANNA M,0,0,3,0,Mathematician,"Salt Lake City, Utah",27,0,0
Bachelor,20,TIARA S,0,0,1,0,Chicken Enthusiast,"Redmond, Washington",27,0,0
Bachelor,21,ALEXIS W,0,0,5,0,Aspiring Dolphin Trainer,"Secaucus, New Jersey",23,66,0
Bachelor,21,ANGELA A,0,0,1,0,Model,"Greenville, South Carolina",26,67,0
Bachelor,21,ASTRID L,0,0,4,0,Plastic Surgery Office Manager,"Tampa, Florida",26,67.5,0
Bachelor,21,BRIANA G,0,0,1,0,Surgical Unit Nurse,"Salt Lake City, Utah",28,64,0
Bachelor,21,BRITTANY F,0,0,3,0,WWE Diva-in-Training,"Temecula, California",26,0,0
Bachelor,21,CHRISTEN W,0,0,3,0,Wedding Videographer,"Tulsa, Oklahoma",25,65,1
Bachelor,21,CORRINE O,0,0,8,0,Business Owner,"Miami, Florida",24,61,3
Bachelor,21,DANIELLE L,0,0,6,0,Small Business Owner,"Los Angeles, California",27,65,2
Bachelor,21,DANIELLE M,0,0,7,0,Neonatal Nurse,"Nashville, Tennessee",31,70,2
Bachelor,21,DOMINIQUE A,0,0,3,0,Restaurant Server,"Los Angeles, California",25,64,0
Bachelor,21,ELIZABETH W,0,0,2,0,Marketing Manager,"Dallas, Texas",24,67,0
Bachelor,21,HAILEY M,0,0,2,0,Photographer,"Vancouver, British Columbia, Canada",23,67,0
Bachelor,21,IDA D,0,0,1,0,#N/A,#N/A,#N/A,#N/A,0
Bachelor,21,JAIMI K,0,0,5,0,Chef,"New Orleans, Louisiana",28,62,0
Bachelor,21,JASMINE B,0,0,1,0,Flight Attendant,"Tacoma, Washington",25,62.5,0
Bachelor,21,JASMINE G,0,0,6,0,Pro Basketball Dancer,"San Francisco, California",29,67,0
Bachelor,21,JOSEPHINE T,0,0,5,0,Registered Nurse,"Santa Cruz, California",24,67.75,0
Bachelor,21,KRISTINA S,0,0,7,0,Dental Hygienist,"Lexington, Kentucky",24,62,3
Bachelor,21,LACEY M,0,0,2,0,Digital Marketing Manager,"New York, New York",25,63,0
Bachelor,21,LAUREN H,0,0,1,0,Mineral Coordinator,"Edmond, Oklahoma",25,0,0
Bachelor,21,LIZ S,0,0,2,0,Doula,"Las Vegas, Nevada",29,64,0
Bachelor,21,MICHELLE R,0,0,1,0,Food Truck Owner,"Los Angeles, California",24,61,0
Bachelor,21,OLIVIA B,0,0,1,0,Apparel Sales Representative,"Anchorage, Alaska",25,67,0
Bachelor,21,RACHEL L,0,0,9,0,Attorney,"Dallas, Texas",31,64,6
Bachelor,21,RAVEN G,0,1,10,0,Fashion Boutique Owner,"Hoxie, AR",25,66,6
Bachelor,21,SARAH V,0,0,4,0,Grade School Teacher,"Newport Beach, California",26,65,0
Bachelor,21,SUSANNAH M,0,0,1,0,Account Manager,"San Diego, California",26,66,0
Bachelor,21,TAYLOR N,0,0,5,0,Mental Health Counselor,"Seattle, Washington",23,64,0
Bachelor,21,VANESSA G,1,0,N/A,1,Special Education Teacher,"Montreal, Quebec, Canada",29,63.5,7
Bachelor,21,WHITNEY F,0,0,6,0,Pilates Instructor,"Chanhassen, Minnesota",25,68,0
Bachelorette,1,BILLY X,0,0,1,0,#N/A,#N/A,#N/A,#N/A,0
Bachelorette,1,BOB G,0,0,3,0,#N/A,#N/A,#N/A,#N/A,0
Bachelorette,1,BRIAN C,0,0,2,0,#N/A,#N/A,#N/A,#N/A,0
Bachelorette,1,BRIAN H,0,0,2,0,#N/A,#N/A,#N/A,#N/A,0
Bachelorette,1,BRIAN K,0,0,1,0,#N/A,#N/A,#N/A,#N/A,0
Bachelorette,1,BRIAN S,0,0,2,0,#N/A,#N/A,#N/A,#N/A,0
Bachelorette,1,BROOK X,0,0,2,0,#N/A,#N/A,#N/A,#N/A,0
Bachelorette,1,CHARLIE M,0,1,6,0,#N/A,#N/A,#N/A,#N/A,0
Bachelorette,1,CHRIS X,0,0,1,0,#N/A,#N/A,#N/A,#N/A,0
Bachelorette,1,DUANE X,0,0,1,0,#N/A,#N/A,#N/A,#N/A,0
Bachelorette,1,ERIC X,0,0,1,0,#N/A,#N/A,#N/A,#N/A,0
Bachelorette,1,GREG T,0,0,4,0,#N/A,#N/A,#N/A,#N/A,0
Bachelorette,1,GREGG H,0,0,1,0,#N/A,#N/A,#N/A,#N/A,0
Bachelorette,1,JACK X,0,0,2,0,#N/A,#N/A,#N/A,#N/A,0
Bachelorette,1,JAMIE B,0,0,3,0,#N/A,#N/A,#N/A,#N/A,0
Bachelorette,1,JEFF X,0,0,2,0,#N/A,#N/A,#N/A,#N/A,0
Bachelorette,1,JOSH X,0,0,2,0,#N/A,#N/A,#N/A,#N/A,0
Bachelorette,1,MATT X,0,0,1,0,#N/A,#N/A,#N/A,#N/A,0
Bachelorette,1,MIKE X,0,0,3,0,Sales and Consulting,"Cincinnati, Ohio",24,0,0
Bachelorette,1,PAUL X,0,0,1,0,#N/A,#N/A,#N/A,#N/A,0
Bachelorette,1,PETER X,0,0,1,0,#N/A,#N/A,#N/A,#N/A,0
Bachelorette,1,ROB X,0,0,3,0,#N/A,#N/A,#N/A,#N/A,0
Bachelorette,1,RUSS X,0,0,5,0,#N/A,#N/A,#N/A,#N/A,0
Bachelorette,1,RYAN S,1,0,N/A,0,#N/A,#N/A,#N/A,#N/A,0
Bachelorette,1,WAYNE X,0,0,1,0,#N/A,#N/A,#N/A,#N/A,0
Bachelorette,2,AARON X,0,0,1,0,#N/A,#N/A,#N/A,#N/A,0
Bachelorette,2,ANDY C,0,0,1,0,#N/A,#N/A,#N/A,#N/A,0
Bachelorette,2,ANSELM C,0,0,1,0,#N/A,#N/A,#N/A,#N/A,0
Bachelorette,2,BRAD X,0,0,4,0,#N/A,#N/A,#N/A,#N/A,0
Bachelorette,2,BRIAN X,0,0,1,0,#N/A,#N/A,#N/A,#N/A,0
Bachelorette,2,CHAD X,0,0,6,0,#N/A,#N/A,#N/A,#N/A,0
Bachelorette,2,CHRIS X,0,0,1,0,#N/A,#N/A,#N/A,#N/A,0
Bachelorette,2,CORY H,0,0,1,0,#N/A,#N/A,#N/A,#N/A,0
Bachelorette,2,DAMON X,0,0,2,0,#N/A,#N/A,#N/A,#N/A,0
Bachelorette,2,ELIOT X,0,0,2,0,#N/A,#N/A,#N/A,#N/A,0
Bachelorette,2,HAROLD H,0,0,2,0,#N/A,#N/A,#N/A,#N/A,0
Bachelorette,2,IAN M,1,0,N/A,0,#N/A,#N/A,#N/A,#N/A,0
Bachelorette,2,JEFF O,0,0,1,0,#N/A,#N/A,#N/A,#N/A,0
Bachelorette,2,JUSTIN X,0,0,1,0,#N/A,#N/A,#N/A,#N/A,0
Bachelorette,2,KEITH X,0,0,1,0,#N/A,#N/A,#N/A,#N/A,0
Bachelorette,2,LANNY X,0,0,5,0,#N/A,#N/A,#N/A,#N/A,0
Bachelorette,2,MARCUS X,0,0,2,0,#N/A,#N/A,#N/A,#N/A,0
Bachelorette,2,MATTHEW H,0,1,7,0,#N/A,#N/A,#N/A,#N/A,0
Bachelorette,2,RICK X,0,0,3,0,#N/A,#N/A,#N/A,#N/A,0
Bachelorette,2,ROBERT X,0,0,2,0,#N/A,#N/A,#N/A,#N/A,0
Bachelorette,2,RYAN M,0,0,4,0,Financial Advisor,"Santa Barbara, California",30,0,0
Bachelorette,2,RYAN R,0,0,3,0,#N/A,#N/A,#N/A,#N/A,0
Bachelorette,2,SEAN X,0,0,4,0,#N/A,#N/A,#N/A,#N/A,0
Bachelorette,2,TODD X,0,0,3,0,#N/A,#N/A,#N/A,#N/A,0
Bachelorette,2,TREVER X,0,0,1,0,#N/A,#N/A,#N/A,#N/A,0
Bachelorette,3,A.W. ,0,0,2,0,#N/A,#N/A,#N/A,#N/A,0
Bachelorette,3,ANDREW ,0,0,1,0,#N/A,#N/A,#N/A,#N/A,0
Bachelorette,3,ANDY L,0,0,1,0,#N/A,#N/A,#N/A,#N/A,0
Bachelorette,3,BEN S,0,0,4,0,Entrepreneur,"Lubbock, Texas",28,0,0
Bachelorette,3,CHRIS C,0,0,1,0,#N/A,#N/A,#N/A,#N/A,0
Bachelorette,3,CHRIS M,0,0,1,0,Construction Company CEO,"Gibbons, Alberta",27,0,0
Bachelorette,3,COLLIN E,0,0,1,0,#N/A,#N/A,#N/A,#N/A,0
Bachelorette,3,DAVID V,0,0,1,0,#N/A,#N/A,#N/A,#N/A,0
Bachelorette,3,ERIC H,0,0,1,0,Explorer,"Citrus Heights, California",31,0,0
Bachelorette,3,ERIC T,0,0,1,0,#N/A,#N/A,#N/A,#N/A,0
Bachelorette,3,FABRICE L,0,0,4,0,#N/A,#N/A,#N/A,#N/A,0
Bachelorette,3,JASON I,0,0,2,0,#N/A,#N/A,#N/A,#N/A,0
Bachelorette,3,JERRY F,1,0,N/A,0,#N/A,#N/A,#N/A,#N/A,0
Bachelorette,3,JOHN PAUL M,0,1,7,0,#N/A,#N/A,#N/A,#N/A,0
Bachelorette,3,JOSH C,0,0,3,0,#N/A,#N/A,#N/A,#N/A,0
Bachelorette,3,KEITH ,0,0,3,1,#N/A,#N/A,#N/A,#N/A,0
Bachelorette,3,KEVIN ,0,0,1,0,#N/A,#N/A,#N/A,#N/A,0
Bachelorette,3,MARK ,0,0,2,0,#N/A,#N/A,#N/A,#N/A,0
Bachelorette,3,MATT L,0,0,1,0,#N/A,#N/A,#N/A,#N/A,0
Bachelorette,3,MATT M,0,0,2,0,#N/A,#N/A,#N/A,#N/A,0
Bachelorette,3,MICHAEL F,0,0,2,0,#N/A,#N/A,#N/A,#N/A,0
Bachelorette,3,RYAN SH,0,0,6,0,#N/A,#N/A,#N/A,#N/A,0
Bachelorette,3,RYAN SM,0,0,2,0,#N/A,#N/A,#N/A,#N/A,0
Bachelorette,3,STU L,0,0,2,0,#N/A,#N/A,#N/A,#N/A,0
Bachelorette,3,WENDELL J,0,0,5,0,#N/A,#N/A,#N/A,#N/A,0
Bachelorette,4,BLAINE T,0,0,5,0,Debt manager,"Tulsa, Oklahoma",33,0,0
Bachelorette,4,BRIAN T,0,0,4,0,Computer network consultant,"New Castle, Indiana",29,0,0
Bachelorette,4,BRIAN W,0,0,1,0,High school football coach,"Balch Springs, Texas",31,0,0
Bachelorette,4,CHANDLER F,0,0,1,0,Insurance rep.,"Virginia Beach, Virginia",25,0,0
Bachelorette,4,CHRISTOPHER B,0,0,2,0,Medical sales rep.,"Fort Worth, Texas",29,0,0
Bachelorette,4,DONATO C,0,0,1,0,Sales rep.,"Lexington, South Carolina",26,0,0
Bachelorette,4,ERIC P,0,0,2,0,Senior analyst,"Boston, Massachusetts",32,0,0
Bachelorette,4,FREDERICK G,0,0,4,0,Lawyer,"Skokie, Illinois",30,0,1
Bachelorette,4,GRAHAM B,0,0,6,0,Professional basketball player,"Raleigh, North Carolina",29,0,1
Bachelorette,4,GREGORY M,0,0,1,0,Personal trainer,"Rockport, Massachusetts",28,0,0
Bachelorette,4,JASON M,0,1,8,0,Account executive,"Cleveland, Ohio",31,0,3
Bachelorette,4,JEFFREY H,0,0,1,0,Mathematics teacher,"Miami, Florida",27,0,0
Bachelorette,4,JEREMY A,0,0,7,1,Real estate attorney,"Dallas, Texas",30,0,4
Bachelorette,4,JESSE C,1,0,N/A,1,Professional snowboarder,"Breckenridge, Colorado",26,0,4
Bachelorette,4,JONATHAN K,0,0,1,0,Resort manager,"Williston, North Dakota",35,0,0
Bachelorette,4,LUKE H,0,0,1,0,Oyster farmer,"Faith, North Carolina",27,0,0
Bachelorette,4,PATRICK C,0,0,1,0,Financial analyst,"Glenwood, Illinois",26,0,0
Bachelorette,4,PATRICK D,0,0,1,0,Internet marketing,"Elmhurst, Illinois",27,0,0
Bachelorette,4,PAUL B,0,0,3,0,Sales manager,"Bonnyville, Alberta",23,0,1
Bachelorette,4,RICHARD M,0,0,3,1,Science teacher,"Sauquoit, New York",27,0,1
Bachelorette,4,ROBERT F,0,0,4,0,Chef,"San Francisco, California",28,0,1
Bachelorette,4,RONALD M,0,0,3,0,Barber shop owner,"Greeley, Colorado",36,0,0
Bachelorette,4,RYAN H,0,0,2,0,Professional football player,"Minneapolis, Minnesota",28,0,0
Bachelorette,4,SEAN R,0,0,5,0,Martial artist,"Louisville, Kentucky",33,0,1
Bachelorette,4,SPERO S,0,0,1,0,Actor,"Ellington, Connecticut",38,0,0
Bachelorette,5,ADAM D,0,0,1,0,Olympic Cyclist,"Santa Barbara, California",27,0,0
Bachelorette,5,BRAD S,0,0,3,0,Financial Advisor,"Park Ridge, Illinois",27,0,0
Bachelorette,5,BRIAN D,0,0,2,0,IT Consultant,"Birmingham, Alabama",32,0,0
Bachelorette,5,BRIAN V,0,0,1,0,High School Coach,"Lawton, Oklahoma",28,0,0
Bachelorette,5,BRYCE H,0,0,1,0,Furniture Dealer,"Fort Lauderdale, Florida",31,0,0
Bachelorette,5,CALEB K,0,0,1,0,Photographer,"Kansas City, Missouri",27,0,0
Bachelorette,5,DAVID G,0,0,4,1,Trucking Contractor,"West Alexandria, Ohio",27,0,1
Bachelorette,5,ED S,1,0,N/A,0,Technology Consultant,"Monroe, Michigan",29,0,4
Bachelorette,5,GREG B,0,0,1,0,Entrepreneur,"Albuquerque, New Mexico",31,0,0
Bachelorette,5,JAKE P,0,0,1,0,Commercial Pilot,"Denton, Texas",31,0,1
Bachelorette,5,JESSE K,0,0,7,0,Wine Maker,"Carmel Valley, California",27,0,2
Bachelorette,5,JOHN H,0,0,1,0,Branding Consultant,"Boise, Idaho",27,0,0
Bachelorette,5,JOHN P,0,0,1,0,Marketing Specialist,"Fort Wayne, Indiana",29,0,0
Bachelorette,5,JOSH Y,0,0,1,0,Lifeguard,"Tustin, California",25,0,0
Bachelorette,5,JUAN B,0,0,4,0,General Contractor,"Buenos Aires, Argentina",35,0,1
Bachelorette,5,JULIEN H,0,0,2,0,Restaurateur,"San Diego, California",34,0,0
Bachelorette,5,KIPTYN L,0,1,10,0,Business Developer,"Encinitas, California",31,0,5
Bachelorette,5,KYLE Y,0,0,1,0,Graphic Designer,"Austin, Texas",26,0,0
Bachelorette,5,MARK H,0,0,5,0,Pizza Entrepreneur,"Woodstock, Illinois",26,0,1
Bachelorette,5,MATHUE J,0,0,2,0,Personal Trainer,"Andover, Kansas",25,0,0
Bachelorette,5,MICHAEL S,0,0,7,0,Break Dance Instructor,"Tacoma, Washington",25,0,1
Bachelorette,5,MIKE S,0,0,4,0,Baseball Camp Owner,"New York, New York",28,0,1
Bachelorette,5,REID R,0,0,9,0,Realtor,"Upper Dublin, Pennsylvania",30,0,3
Bachelorette,5,ROBBY D,0,0,6,0,Bartender,"Spring, Texas",25,0,1
Bachelorette,5,SASHA P,0,0,3,0,Oil & Gas Consultant,"Houston, Texas",27,0,0
Bachelorette,5,SIMON A,0,0,2,0,Soccer Coach,"Bradford, England",26,0,0
Bachelorette,5,STEPHEN R,0,0,1,0,Lawyer,"Lexington, Massachusetts",30,0,0
Bachelorette,5,TANNER F,0,0,3,0,Sales Representative,"Derby, Kansas",28,0,0
Bachelorette,5,TANNER P,0,0,6,0,Financial Analyst,"Brownfield, Texas",30,0,0
Bachelorette,5,WES H,0,0,8,0,Musician,"Huntsville, Texas",32,0,1
Bachelorette,6,CHRIS H,0,0,2,0,Real Estate Developer,"Campbell River, British Columbia",27,0,0
Bachelorette,6,CHRIS L,0,1,10,0,Landscaper,"Dennis, Massachusetts",33,0,4
Bachelorette,6,CHRIS N,0,0,5,0,Entrepreneur,"Winter Park, Florida",29,0,0
Bachelorette,6,CRAIG M,0,0,2,0,Dental Sales,"Sarnia, Ontario",34,0,0
Bachelorette,6,CRAIG R,0,0,6,0,Lawyer,"Langhorne, Pennsylvania",27,0,0
Bachelorette,6,DEREK X,0,0,1,0,Sales Manager,"Warren, Michigan",28,0,0
Bachelorette,6,DERRICK S,0,0,1,0,Construction Engineer,"Manhattan Beach, California",27,0,0
Bachelorette,6,FRANK N,0,0,9,0,Retail Manager,"Bartlett, Illinois",31,0,3
Bachelorette,6,HUNTER W,0,0,3,0,Internet Account Executive,"Fair Oaks Ranch, Texas",28,0,0
Bachelorette,6,JASON W,0,0,1,0,Construction Consultant,"Johnson City, Tennessee",27,0,0
Bachelorette,6,JAY R,0,0,1,0,Lawyer,"Barrington, Rhode Island",29,0,0
Bachelorette,6,JESSE B,0,0,4,0,General Contractor,"Peculiar, Missouri",24,0,1
Bachelorette,6,JOHN C,0,0,3,0,Hotel Business Development,"Mukilteo, Washington",32,0,0
Bachelorette,6,JOHN N,0,0,1,0,Engineering Software Sales,"Wichita, Kansas",27,0,0
Bachelorette,6,JONATHAN N,0,0,4,0,Weatherman,"Boston, Massachusetts",30,0,0
Bachelorette,6,JUSTIN R,0,0,5,0,Entertainment Wrestler,"Toronto, Ontario",26,0,1
Bachelorette,6,KASEY K,0,0,5,0,Advertising Account Executive,"Fresno, California",27,0,0
Bachelorette,6,KIRK D,0,0,8,0,Sales Consultant,"Green Bay, Wisconsin",27,0,3
Bachelorette,6,KYLE H,0,0,1,0,Outdoorsman,"Highlands Ranch, Colorado",26,0,0
Bachelorette,6,PHIL K,0,0,1,0,Investment Manager,"Elmore, Ohio",30,0,0
Bachelorette,6,ROBERT M,1,0,N/A,1,Insurance Agent,"Tampa, Florida",26,0,5
Bachelorette,6,STEVE K,0,0,3,0,Sales Representative,"Chesterland, Ohio",28,0,0
Bachelorette,6,TY B,0,0,7,0,Medical Sales,"Booneville, Mississippi",31,0,3
Bachelorette,6,TYLER M,0,0,1,0,Catering Manager,"Helena, Montana",25,0,0
Bachelorette,6,TYLER V,0,0,2,0,Online Advertising,"Chelsea, Vermont",25,0,0
Bachelorette,7,AMES B,0,0,8,0,Portfolio Manager,"Chadds Ford, Pennsylvania",31,0,1
Bachelorette,7,ANTHONY S,0,0,1,0,Butcher,"Saddle River, New Jersey",28,0,0
Bachelorette,7,BEN C,0,0,5,0,Lawyer,"Lake Charles, Louisiana",28,0,1
Bachelorette,7,BEN F,0,1,10,0,Wine Maker,"Sonoma, California",28,0,5
Bachelorette,7,BENTLEY W,0,0,3,0,Businessman,"Alpine, Utah",28,0,1
Bachelorette,7,BLAKE J,0,0,6,0,Dentist,"Steamboat Springs, Colorado",27,0,1
Bachelorette,7,CHRIS D,0,0,3,0,Sports Marketing Coordinator,"Moline, Illinois",25,0,0
Bachelorette,7,CHRIS M,0,0,1,0,Construction Company CEO,"Gibbons, Alberta",27,0,0
Bachelorette,7,CONSTANTINE T,0,0,9,0,Restaurant Owner,"Cumming, Georgia",30,0,3
Bachelorette,7,FRANK C,0,0,1,0,College Admissions Director,"Anchorage, Alaska",29,0,0
Bachelorette,7,JEFF M,0,0,3,0,Entrepreneur,"St. Louis, Missouri",35,0,0
Bachelorette,7,JON E,0,0,1,0,E-Commerce Executive,"Vancouver, Washington",26,0,0
Bachelorette,7,JP R,1,0,N/A,0,Construction Manager,"Roslyn, New York",34,0,5
Bachelorette,7,LUCAS D,0,0,7,0,Oilfield Equipment Distributor,"Odessa, Texas",30,0,1
Bachelorette,7,MATT C,0,0,2,0,Office Supply Salesman,"Bridgewater, Massachusetts",28,0,0
Bachelorette,7,MICHAEL B,0,0,1,0,0,0,0,0,0
Bachelorette,7,NICK P,0,0,5,0,Personal Trainer,"Odessa, Florida",26,0,0
Bachelorette,7,ROB D,0,0,1,0,Technology Executive,"Monroe, Michigan",27,0,0
Bachelorette,7,RYAN M,0,0,1,0,Financial Advisor,"Santa Barbara, California",30,0,1
Bachelorette,7,RYAN M,0,0,1,0,Financial Advisor,"Santa Barbara, California",30,0,0
Bachelorette,7,RYAN P,0,0,7,1,Solar Energy Executive,"San Luis Obispo, California",31,0,3
Bachelorette,7,STEPHEN D,0,0,2,0,Hairstylist,"Portland, Connecticut",27,0,0
Bachelorette,7,TIM M,0,0,1,0,Liquor Distributor,"Massapequa, New York",35,0,0
Bachelorette,7,WEST L,0,0,4,0,Lawyer,"Walhalla, South Carolina",30,0,0
Bachelorette,7,WILLIAM H,0,0,5,0,Cellular Phone Salesman,"Fostoria, Ohio",30,0,1
Bachelorette,8,AARON M,0,0,2,0,Biology Teacher,"North Sydney, Nova Scotia",36,0,0
Bachelorette,8,ALEJANDRO V,0,0,5,0,Mushroom Farmer,"San Francisco, California",25,0,0
Bachelorette,8,ALESSANDRO G,0,0,3,0,Grain Merchant,"Saint Paul, Minnesota",30,0,0
Bachelorette,8,ARIE L,0,1,10,0,Race Car Driver,"Scottsdale, Arizona",30,0,4
Bachelorette,8,BRENT R,0,0,1,0,Technology Salesman,"Midland, Texas",41,0,0
Bachelorette,8,CHARLIE G,0,0,5,0,Recruiter,"Worcester, Massachusetts",32,0,0
Bachelorette,8,CHRIS B,0,0,8,0,Corporate Sales Director,"Chicago, Illinois",25,0,2
Bachelorette,8,DAVID H,0,0,1,0,Singer/Songwriter,"Charlottesville, Virginia",33,0,0
Bachelorette,8,DOUG C,0,0,7,1,Single Dad/Real Estate Agent,"Tacoma, Washington",33,0,2
Bachelorette,8,JACKSON L,0,0,1,0,Fitness Model,"Lockport, Illinois",29,0,0
Bachelorette,8,JEANPAUL L,0,0,1,0,Marine Biologist,"Moraga, California",35,0,0
Bachelorette,8,JEF H,1,0,N/A,0,Entrepreneur,"St. George, Utah",27,0,6
Bachelorette,8,JOE G,0,0,2,0,Field Energy Adviser,"Orlando, Florida",27,0,0
Bachelorette,8,JOHN W,0,0,7,0,Data Destruction Specialist,"Creve Coeur, Missouri",30,0,1
Bachelorette,8,KALON M,0,0,5,0,#N/A,#N/A,#N/A,#N/A,N/A
Bachelorette,8,KYLE D,0,0,2,0,Financial Adviser,"Long Beach, California",29,0,0
Bachelorette,8,LERONE A,0,0,1,0,Real Estate Consultant,"Laguna Beach, California",29,0,0
Bachelorette,8,MICHAEL N,0,0,4,0,Rehab Counselor,"Austin, Texas",26,0,0
Bachelorette,8,NATHAN B,0,0,4,0,Accountant,"Casa Grande, Arizona",25,0,0
Bachelorette,8,RANDY W,0,0,1,0,Marketing Manager,"Oak Creek, Wisconsin",30,0,0
Bachelorette,8,RYAN B,0,0,4,0,Pro Sports Trainer,"Evans, Georgia",31,0,1
Bachelorette,8,SEAN L,0,0,9,0,Insurance Agent,"Irving, Texas",28,0,3
Bachelorette,8,STEVIE A,0,0,3,0,Party M.C.,"Monroe Township, New Jersey",26,0,0
Bachelorette,8,TONY P,0,0,3,0,Single Dad/Lumber Trader,"Beaverton, Oregon",31,0,0
Bachelorette,8,TRAVIS P,0,0,6,0,Advertising Sales Representative,"Madison, Mississippi",30,0,0
Bachelorette,9,BEN S,0,0,5,0,Entrepreneur,"Lubbock, Texas",28,0,2
Bachelorette,9,BRAD M,0,0,4,0,Accountant/DJ,"Denver, Colorado",27,0,0
Bachelorette,9,BRANDON A,0,0,3,0,Painting Contractor,"Blaine, Minnesota",26,0,0
Bachelorette,9,BRIAN J,0,0,3,0,Financial Advisor,"Olney, Maryland",29,0,0
Bachelorette,9,BROOKS F,0,0,9,0,Sales & Marketing,"Blackfoot, Idaho",28,0,4
Bachelorette,9,BRYDEN V,0,0,4,0,Iraq War Veteran,"Havre, Montana",26,0,0
Bachelorette,9,CHRIS S,1,0,N/A,0,Mortgage Broker,"McMinnville, Oregon",27,0,5
Bachelorette,9,DAN C,0,0,3,0,Beverage Sales Director,"Dublin, California",30,0,0
Bachelorette,9,DIOGO C,0,0,1,0,Ski Resort Manager,"Penha, Brazil",29,0,0
Bachelorette,9,DREW K,0,1,10,1,Digital Marketing Analyst,"Scottsdale, Arizona",27,0,5
Bachelorette,9,JAMES C,0,0,6,0,Advertising Executive,"Marietta, Georgia",27,0,2
Bachelorette,9,JONATHAN V,0,0,1,0,Lawyer,"Hickory, North Carolina",26,0,0
Bachelorette,9,JUAN G,0,0,6,0,#N/A,#N/A,#N/A,#N/A,0
Bachelorette,9,KASEY S,0,0,6,0,Advertising Executive,"Tulsa, Oklahoma",29,0,1
Bachelorette,9,LARRY B,0,0,1,0,ER Doctor,"Overland Park, Kansas",34,0,0
Bachelorette,9,MICAH X,0,0,1,0,Law Student,"Detroit Lakes, Minnesota",32,0,0
Bachelorette,9,MICHAEL G,0,0,7,1,Federal Prosecutor,"Lindenhurst, New York",33,0,2
Bachelorette,9,MIKE X,0,0,1,0,Sales and Consulting,"Cincinnati, Ohio",24,0,0
Bachelorette,9,MIKEY T,0,0,5,0,Plumbing Contractor,"Glen Ellyn, Illinois",30,0,0
Bachelorette,9,NICK M,0,0,2,0,Investment Adviser,"Rochester, New York",27,0,1
Bachelorette,9,NICK R,0,0,1,0,Tailor/Magician,"Ridgefield, Connecticut",26,0,0
Bachelorette,9,ROBERT G,0,0,2,0,Advertising Entrepreneur,"Glendale, Arizona",30,0,0
Bachelorette,9,WILL R,0,0,2,0,Banker,"Federal Way, Washington",28,0,0
Bachelorette,9,ZACK K,0,0,4,0,Book Publisher,"Phillips Ranch, California",28,0,0
Bachelorette,9,ZAK W,0,0,8,1,Drilling Fluid Engineer,"Dallas, Texas",31,0,3
Bachelorette,10,ANDREW P,0,0,5,0,Social Media Marketer,"Portola Valley, California",30,0,0
Bachelorette,10,BRADLEY W,0,0,3,0,Opera Singer,"Grosse Pointe, Michigan",32,0,0
Bachelorette,10,BRETT M,0,0,3,0,Hairstylist,"Warminster, Pennsylvania",29,0,0
Bachelorette,10,BRIAN O,0,0,7,0,Basketball Coach,"Camp Hill, Pennsylvania",27,0,2
Bachelorette,10,CARL K,0,0,2,0,Firefighter,"Hollywood, California",30,0,0
Bachelorette,10,CHRIS S,0,0,7,0,Mortgage Broker,"McMinnville, Oregon",27,0,3
Bachelorette,10,CODY S,0,0,6,0,Personal Trainer,"Oakley, Kansas",28,0,0
Bachelorette,10,CRAIG M,0,0,2,0,Dental Sales,"Sarnia, Ontario",34,0,0
Bachelorette,10,DYLAN P,0,0,7,0,Accountant,"Longmeadow, Massachusetts",26,0,1
Bachelorette,10,EMIL S,0,0,1,0,Helicopter Pilot,"Portland, Oregon",33,0,0
Bachelorette,10,ERIC H,0,0,4,0,Explorer,"Citrus Heights, California",31,0,1
Bachelorette,10,JASON L,0,0,1,0,Urgent Care Physician,"Sturgeon Bay, Wisconsin",35,0,0
Bachelorette,10,JJ O,0,0,6,0,Pantsapreneur,"Hanover, Massachusetts",30,0,2
Bachelorette,10,JOSH B,0,0,1,0,Telecommunication Marketer,"Evergreen, Colorado",29,0,0
Bachelorette,10,JOSH M,1,0,N/A,0,Former Professional Baseball Player,"Athens, Georgia",29,0,5
Bachelorette,10,MARCUS G,0,0,8,0,Sports Medicine Manager,"Medicine Hat, Alberta",25,0,3
Bachelorette,10,MARQUEL M,0,0,5,0,Sponsorship Salesman,"Rialto, California",26,0,0
Bachelorette,10,MIKE C,0,0,1,0,Bartender,"Guilderland, New York",29,0,0
Bachelorette,10,NICK S,0,0,1,0,Professional Golfer,"Barrington, Illinois",27,0,0
Bachelorette,10,NICK V,0,1,9,0,Software Sales Executive,"Waukesha, Wisconsin",33,0,6
Bachelorette,10,PATRICK J,0,0,5,0,Advertising Executive,"Clinton, New Jersey",29,0,0
Bachelorette,10,RON W,0,0,3,0,Beverage Sales Manager,"Nahariya, Israel",28,0,0
Bachelorette,10,RUDIE D,0,0,1,0,Attorney,"Yorba Linda, California",31,0,0
Bachelorette,10,STEVEN W,0,0,1,0,Snowboard Product Developer,"Meadow Vista, California",30,0,0
Bachelorette,10,TASOS H,0,0,4,0,Wedding Event Coordinator,"Denver, Colorado",30,0,0
Bachelorette,11,BEN H,0,0,8,0,Software Salesman,"Warsaw, Indiana",26,0,3
Bachelorette,11,BEN Z,0,0,6,0,Fitness Coach,"Falls Church, Virginia",26,0,2
Bachelorette,11,BRADLEY C,0,0,1,0,International Auto Shipper,"Duluth, Georgia",25,0,0
Bachelorette,11,BRADY T,0,0,1,0,Singer/Songwriter,"Wauseon, Ohio",33,0,0
Bachelorette,11,CHRIS S,0,0,7,0,Mortgage Broker,"McMinnville, Oregon",27,0,1
Bachelorette,11,CLINT A,0,0,3,0,Architectural Engineer,"Batavia, Illinois",27,0,1
Bachelorette,11,COREY S,0,0,4,0,Investment Banker,"New York, New York",30,0,0
Bachelorette,11,CORY S,0,0,2,0,Residential Developer,"Seven Springs, North Carolina",35,0,0
Bachelorette,11,DANIEL F,0,0,2,0,Fashion Designer,"Nashville, Tennessee",28,0,0
Bachelorette,11,DAVID X,0,0,1,0,Real Estate Agent,"Orlando, Florida",28,0,0
Bachelorette,11,IAN T,0,0,5,0,Executive Recruiter,"Ramsey, New Jersey",28,0,0
Bachelorette,11,JARED H,0,0,7,0,Restaurant Manager,"Warwick, Rhode Island",26,0,2
Bachelorette,11,JJ L,0,0,6,0,Former Investment Banker,"Dacono, Colorado",32,0,1
Bachelorette,11,JOE B,0,0,7,0,Insurance Agent,"Glasgow, Kentucky",28,0,1
Bachelorette,11,JONATHAN H,0,0,1,0,Automotive Spokesman,"Sylvan Lake, Michigan",33,0,0
Bachelorette,11,JOSH S,0,0,1,0,Law Student/Exotic Dancer,"Chicago, Illinois",27,0,0
Bachelorette,11,JOSHUA A,0,0,5,0,Industrial Welder,"Kuna, Idaho",31,0,0
Bachelorette,11,JUSTIN R,0,0,5,0,Entertainment Wrestler,"Toronto, Ontario",26,0,1
Bachelorette,11,KUPAH J,0,0,2,0,Entrepreneur,"Boston, Massachusetts",32,0,0
Bachelorette,11,NICK V,0,1,9,0,Software Sales Executive,"Waukesha, Wisconsin",33,0,2
Bachelorette,11,RYAN B,0,0,4,0,Pro Sports Trainer,"Evans, Georgia",31,0,0
Bachelorette,11,RYAN M,0,0,1,0,Financial Advisor,"Santa Barbara, California",30,0,0
Bachelorette,11,SHAWN B,1,0,N/A,1,Personal Trainer,"Windsor Locks, Connecticut",28,0,4
Bachelorette,11,SHAWN E,0,0,1,0,Amateur Sex Coach,"London, Ontario",31,0,0
Bachelorette,11,TANNER T,0,0,6,0,Auto Finance Manager,"Stilwell, Kansas",28,0,0
Bachelorette,11,TONY H,0,0,3,0,Healer,"St. Louis, Missouri",35,0,0
Bachelorette,12,ALEX W,0,0,6,0,U.S. Marine,"Oceanside, California",25,0,1
Bachelorette,12,ALI Z,0,0,3,0,Bartender,"Santa Monica, California",27,0,0
Bachelorette,12,BRANDON H,0,0,2,0,Hipster,"Marysville, Washington",28,0,0
Bachelorette,12,CHAD J,0,0,4,0,Luxury Real Estate Agent,"Jenks, Oklahoma",28,0,0
Bachelorette,12,CHASE M,0,0,9,0,Medical Sales Rep,"Castle Rock, Colorado",27,0,2
Bachelorette,12,CHRISTIAN B,0,0,3,0,Telecom Consultant,"Los Angeles, California",26,0,0
Bachelorette,12,COLEY K,0,0,1,0,Real Estate Consultant,"Chicago, Illinois",27,0,0
Bachelorette,12,DANIEL M,0,0,4,0,Male Model,"Lions Bay, British Columbia",31,0,0
Bachelorette,12,DEREK P,0,0,6,0,Commercial Banker,"Waverly, Iowa",29,0,2
Bachelorette,12,EVAN B,0,0,5,0,Erectile Dysfunction Specialist,"Hartford, Connecticut",33,0,1
Bachelorette,12,GRANT K,0,0,5,0,Firefighter,"San Francisco, California",27,0,0
Bachelorette,12,JAKE P,0,0,1,0,Commercial Pilot,"Denton, Texas",31,0,0
Bachelorette,12,JAMES F,0,0,4,0,Boxing Club Owner,"Franklin, Tennessee",34,0,0
Bachelorette,12,JAMES S,0,0,2,0,Bachelor Superfan,"Phoenix, Arizona",27,0,0
Bachelorette,12,JAMES T,0,0,7,0,Singer-Songwriter,"Katy, Texas",29,0,1
Bachelorette,12,JONATHAN H,0,0,1,0,Automotive Spokesman,"Sylvan Lake, Michigan",33,0,0
Bachelorette,12,JORDAN R,1,0,N/A,1,Former Pro Quarterback,"Chico, California",27,0,3
Bachelorette,12,LUKE P,0,0,8,0,War Veteran,"Burnet, Texas",31,0,3
Bachelorette,12,NICK B,0,0,3,0,Electrical Engineer,"Carthage, Illinois",33,0,0
Bachelorette,12,NICK S,0,0,1,0,Professional Golfer,"Barrington, Illinois",27,0,0
Bachelorette,12,PETER M,0,0,1,0,Staffing Agency Manager,"Rockdale, Illinois",26,0,0
Bachelorette,12,ROBBY H,0,1,10,0,Former Competitive Swimmer,"St. Augustine, Florida",27,0,4
Bachelorette,12,SAL D,0,0,1,0,Operations Manager,"Hubbard, Ohio",28,0,0
Bachelorette,12,VINCENT V,0,0,5,0,Barber,"Kings Park, New York",28,0,0
Bachelorette,12,WELLS A,0,0,6,0,Radio DJ,"Monterey, California",31,0,1
Bachelorette,12,WILL H,0,0,2,0,Civil Engineer,"Jersey City, New Jersey",26,0,0
Bachelorette,13,ADAM G,0,0,7,0,#N/A,#N/A,#N/A,#N/A,0
Bachelorette,13,ALEX B,0,0,6,0,#N/A,#N/A,#N/A,#N/A,1
Bachelorette,13,ANTHONY B,0,0,5,0,#N/A,#N/A,#N/A,#N/A,1
Bachelorette,13,BLAKE E,0,0,2,0,#N/A,#N/A,#N/A,#N/A,0
Bachelorette,13,BLAKE K,0,0,1,0,#N/A,#N/A,#N/A,#N/A,0
Bachelorette,13,BRADY E,0,0,3,0,#N/A,#N/A,#N/A,#N/A,0
Bachelorette,13,BRYAN A,1,0,N/A,1,#N/A,#N/A,#N/A,#N/A,6
Bachelorette,13,BRYCE P,0,0,3,0,#N/A,#N/A,#N/A,#N/A,0
Bachelorette,13,DEAN U,0,0,8,0,#N/A,#N/A,#N/A,#N/A,3
Bachelorette,13,DEMARIO J,0,0,2,0,#N/A,#N/A,#N/A,#N/A,0
Bachelorette,13,DIGGY M,0,0,3,0,#N/A,#N/A,#N/A,#N/A,0
Bachelorette,13,ERIC B,0,0,9,0,#N/A,#N/A,#N/A,#N/A,3
Bachelorette,13,FRED J,0,0,3,0,#N/A,#N/A,#N/A,#N/A,0
Bachelorette,13,GRANT H,0,0,1,0,#N/A,#N/A,#N/A,#N/A,0
Bachelorette,13,IGGY R,0,0,4,0,#N/A,#N/A,#N/A,#N/A,0
Bachelorette,13,JACK S,0,0,4,0,#N/A,#N/A,#N/A,#N/A,0
Bachelorette,13,JAMEY K,0,0,2,0,#N/A,#N/A,#N/A,#N/A,0
Bachelorette,13,JEDIDIAH B,0,0,1,0,#N/A,#N/A,#N/A,#N/A,0
Bachelorette,13,JONATHAN T,0,0,4,0,#N/A,#N/A,#N/A,#N/A,0
Bachelorette,13,JOSIAH G,0,0,5,0,#N/A,#N/A,#N/A,#N/A,1
Bachelorette,13,KENNY L,0,0,6,0,#N/A,#N/A,#N/A,#N/A,1
Bachelorette,13,KYLE S,0,0,1,0,#N/A,#N/A,#N/A,#N/A,0
Bachelorette,13,LEE G,0,0,5,0,#N/A,#N/A,#N/A,#N/A,0
Bachelorette,13,LUCAS Y,0,0,2,0,#N/A,#N/A,#N/A,#N/A,0
Bachelorette,13,MATT M,0,0,7,0,#N/A,#N/A,#N/A,#N/A,0
Bachelorette,13,MICHAEL B,0,0,1,0,0,0,0,0,0
Bachelorette,13,MILTON L,0,0,1,0,#N/A,#N/A,#N/A,#N/A,0
Bachelorette,13,MOHIT S,0,0,1,0,#N/A,#N/A,#N/A,#N/A,0
Bachelorette,13,PETER K,0,1,10,0,#N/A,#N/A,#N/A,#N/A,3
Bachelorette,13,ROB H,0,0,1,0,#N/A,#N/A,#N/A,#N/A,0
Bachelorette,13,WILL G,0,0,6,0,#N/A,#N/A,#N/A,#N/A,1